Domain,Phylum,Class,Order,Family,Genus,Species,Pond06,pond07,pond09,pond10,pond13,pond14,pond16,pond17,pond18
Eukaryota,Oomycota,Leptomitales,Leptomitales,Apodachlya,Apodachlya,Medakamo hakoo,0.002765181,0.011764014,0,0,0,49.5049505,0.287329377,87.12412467,0.018034659
Eukaryota,Rotifera,Eurotatoria,Ploima,Brachionidae,Brachionus,Eucyclops serrulatus,0.005530362,0.020587024,0.057526366,0.001520889,51.30508178,0.412541254,20.39100907,0.353563092,18.41830573
Eukaryota,Arthropoda,Insecta,Diptera,Chironomidae,Chironomus,Eudiaptomus gracilis,50.37191682,15.77848362,0.019175455,0.003041779,0.004777603,0.99009901,0.349617564,2.931484278,0.002732524
Eukaryota,Arthropoda,Insecta,Diptera,Chironomidae,Chironomus,Mesocyclops leuckarti,10.85748258,25.34556791,4.26653883,1.949019787,0.439539439,10.2310231,0,0.054922422,0.037708833
Eukaryota,Arthropoda,Insecta,Diptera,Chironomidae,Cricotopus,Mychonastes jurisii,20.38353058,1.373448621,5.944391179,0.073002692,0.006370137,12.70627063,0.001339531,2.272415214,0.105475432
Eukaryota,Arthropoda,Insecta,Diptera,Chironomidae,Cricotopus,Cricotopus arcuatus,0.009678133,0.017646021,0.067114094,0.047908017,0.004777603,0.082508251,0.001339531,0.061787725,33.18759871
Eukaryota,Arthropoda,Insecta,Diptera,Chironomidae,Procladius,Chironomus nipponensis,0.00138259,2.391035821,1.179290508,0.027376009,0.654531556,0.247524752,27.50190883,0.010297954,0.000546505
Eukaryota,Haptophyta,Prymnesiales,Prymnesiales,Chrysochromulinaceae,Chrysochromulina,Cricotopus glacialis,0.008295543,0.023528028,0.047938639,0.305698773,0.009555205,0.742574257,0.002679062,0.041191817,29.76319946
Eukaryota,Arthropoda,Branchiopoda,Diplostraca,Chydoridae,Chydorus,Pythium pachycaule,0.233657781,0.023528028,1.351869607,19.1046524,0.074849107,0.165016502,0.429989418,0.127008101,1.947196703
Eukaryota,Arthropoda,Branchiopoda,Diplostraca,Chydoridae,Chydorus,Pythium brachiatum,0.167293441,0.102935121,2.358581016,16.04234156,1.683308649,1.650165017,0.776258154,0.120142798,0.531202693
Eukaryota,Chlorophyta,Trebouxiophyceae,Coccomyxaceae,Coccomyxaceae,Medakamo,Pythium coloratum,0.248866276,0.00882301,0.594439118,16.5617253,0.058923765,0.742574257,0.754155895,0.205959083,0.66892191
Eukaryota,Arthropoda,Malacostraca,Amphipoda,Crangonyctidae,Crangonyx,Chironomus muratensis,0,0,17.80441035,0.058554243,0,0,0,0,0.000546505
Eukaryota,Arthropoda,Hexanauplia,Cyclopoida,Cyclopidae,Acanthocyclops,Cyclotella glomerata,1.075655348,0.002941003,15.34995206,0.017490228,0.82652525,0.247524752,0.012725544,0.051489771,0.019127669
Eukaryota,Arthropoda,Hexanauplia,Cyclopoida,Cyclopidae,Acanthocyclops,Phytophthora himalsilva,0,15.94612082,0,0.002281334,0.001592534,0,0.001339531,0.037759165,0.00109301
Eukaryota,Arthropoda,Hexanauplia,Cyclopoida,Cyclopidae,Eucyclops,Daphnia mendotae,0,0,15.32118888,0.075284026,0,0.412541254,0.135292621,0.006865303,0
Eukaryota,Arthropoda,Hexanauplia,Cyclopoida,Cyclopidae,Mesocyclops,Procladius culiciformis,0.00138259,0.002941003,0.019175455,0.000760445,0.001592534,0.165016502,14.27404123,0.003432651,0.00109301
Eukaryota,Arthropoda,Hexanauplia,Cyclopoida,Cyclopidae,Thermocyclops,Acanthocyclops robustus,8.086771375,2.72042821,0.009587728,0.110264483,3.04492539,0.082508251,0.265896883,0.054922422,0.045359901
Eukaryota,Arthropoda,Hexanauplia,Calanoida,Diaptomidae,Eudiaptomus,Plumatella casmiana,0,0,13.53787152,0,0,0,0,0,0
Eukaryota,Arthropoda,Insecta,Hymenoptera,Formicidae,Lasius,Unio pictorum,0,0.00882301,0,0.97717145,0,0.165016502,11.79456954,0.017163257,0.00109301
Eukaryota,Chlorophyta,Trebouxiophyceae,Prasiolales,Koliellaceae,Koliella,Chironomus luridus,0,0.005882007,0,0.09049292,9.185737264,0.247524752,1.101094397,0.538926267,1.158590236
Eukaryota,Oomycota,Lagenaceae,Lagenaceae,Lagenaceae,Lagena,Aphanomyces astaci,0.00138259,7.802482207,0.402684564,0.047908017,0.004777603,0.082508251,0.578007582,0.442812028,0.012569611
Eukaryota,Oomycota,Lagenidiales,Lagenidiales,Lagenidiaceae,Lagenidium,Pythium apleroticum,0.082955425,0.002941003,0.12464046,7.126887804,0.240472664,0.330033003,0.062957952,0.041191817,0.438843377
Eukaryota,Oomycota,Lagenidiales,Lagenidiales,Lagenidiaceae,Lagenidium,Pythium subutonaiense,0.011060723,0.00882301,0.067114094,7.740566683,0.041405889,0.165016502,0.004018593,0.109844844,0.082522229
Eukaryota,Oomycota,Lagenidiales,Lagenidiales,Lagenidiaceae,Lagenidium,Lagenidium caudatum,0.073277292,0.108817128,3.09683605,3.830359995,0.410873824,0.082508251,0.098455521,0.02402856,0.159032905
Eukaryota,Porifera,Demospongiae,Spongillida,Lubomirskiidae,Baikalospongia,Ephydatia cooperensis,0.268222542,7.267219575,0,0,0,0.082508251,0,0.085816284,0
Eukaryota,Bacillariophyta,Coscinodiscophyceae,Melosirales,Melosiraceae,Melosira,Simocephalus vetulus,0,0,0,0,7.554982243,0.082508251,0,0.003432651,0
Eukaryota,Eustigmatophyceae,Eustigmatophyceae,Eustigmatales,Monodopsidaceae,Nannochloropsis,Cyclops strenuus,0,0,0.009587728,0,6.788973293,0.082508251,0,0.133873404,0.006558058
Eukaryota,Chlorophyta,Chlorophyceae,Sphaeropleales,Mychonastaceae,Mychonastes,Cyclops vicinus,0,5.293806247,0,0.000760445,0.332839648,0.330033003,0.059609125,0.511465056,0
Eukaryota,Oomycota,Myzocytiopsidales,Myzocytiopsidales,Myzocytiopsidaceae,Myzocytiopsis,Potamopyrgus antipodarum,0,0.00882301,0.009587728,0.050949795,0,0.082508251,6.179256025,0.003432651,0
Eukaryota,Oomycota,Peronosporales,Peronosporales,Peronosporaceae,Phytophthora,Brachionus dorcas,2.481749806,0.002941003,2.847555129,0,0,0,0.076353261,0,0.053557473
Eukaryota,Oomycota,Peronosporales,Peronosporales,Peronosporaceae,Phytophthora,Elongisporangium verrucosum,0,0.005882007,0,3.498806102,1.019221888,0.082508251,0.043534754,0.072085679,0.438843377
Eukaryota,Oomycota,Peronosporales,Peronosporales,Peronosporaceae,Phytophthora,Nitzschia palea,0,0,0,0,0,4.95049505,0,0,0
Eukaryota,Oomycota,Peronosporales,Peronosporales,Peronosporaceae,Phytophthora,Polyarthra euryptera,0,0,0,0,0,4.867986799,0,0,0
Eukaryota,Oomycota,Peronosporales,Peronosporales,Peronosporaceae,Phytophthora,Asterionella formosa,0,0.002941003,0,0,1.387097288,3.135313531,0,0.336399835,0.000546505
Eukaryota,Oomycota,Peronosporales,Peronosporales,Peronosporaceae,Phytophthora,Aphanomyces laevis,0,0.002941003,0.028763183,1.465376952,0.420429029,0.247524752,1.709241424,0.037759165,0.688049579
Eukaryota,Bacillariophyta,Bacillariophyceae,Naviculales,Pinnulariaceae,Pinnularia,Chironomus fujitertius,0,0.047056056,2.703739214,0.042584904,0.879078878,0,0.30608281,0,0
Eukaryota,Bacillariophyta,Bacillariophyceae,Naviculales,Pinnulariaceae,Pinnularia,Endochironomus stackelbergi,0,0,0,0,3.559313936,0.082508251,0,0.003432651,0.000546505
Eukaryota,Bacillariophyta,Bacillariophyceae,Naviculales,Pinnulariaceae,Pinnularia,Chironomus pseudothummi,0.002765181,0.002941003,0,1.448647169,0,0,0.000669765,0,1.985452041
Eukaryota,Oomycota,Pythiales,Pythiales,Pythiaceae,Elongisporangium,Pythium sterilum,0.002765181,1.235221458,0.009587728,0.705692689,0.009555205,0.495049505,0.15002746,0.284910065,0.325716878
Eukaryota,Oomycota,Pythiales,Pythiales,Pythiaceae,Globisporangium,Pythium angustatum,0,0,2.607861937,0.118629374,0.036628287,0,0.006697654,0,0.019674174
Eukaryota,Oomycota,Pythiales,Pythiales,Pythiaceae,Globisporangium,Nanocladius dichromus,0,0,0,0.000760445,0,0.082508251,0.000669765,0,2.647269389
Eukaryota,Oomycota,Pythiales,Pythiales,Pythiaceae,Globisporangium,Chaetogaster fluminis,0,0,0,0.005323113,0.138550475,0,2.464736849,0,0.03060427
Eukaryota,Oomycota,Pythiales,Pythiales,Pythiaceae,Globisporangium,Phytopythium montanum,0.00138259,0.002941003,0,1.878298429,0.130587804,0,0.110511299,0.102979541,0.410425126
Eukaryota,Oomycota,Pythiales,Pythiales,Pythiaceae,Globisporangium,Apoikiospumella mondseeiensis,0,0,2.51198466,0,0.084404313,0,0,0,0.039348348
Eukaryota,Oomycota,Pythiales,Pythiales,Pythiaceae,Globisporangium,Phytophthora gonapodyides,0.092633558,0,0,0.814436282,0.108292326,0.660066007,0.040185927,0.435946725,0.449773474
Eukaryota,Oomycota,Pythiales,Pythiales,Pythiaceae,Globisporangium,Phytophthora angustata,0,2.42338686,0,0,0,0.082508251,0.000669765,0.017163257,0
Eukaryota,Oomycota,Pythiales,Pythiales,Pythiaceae,Globisporangium,Pythium aphanidermatum,0.03179958,1.558731839,0.047938639,0.158172499,0.006370137,0.165016502,0.215664474,0.068653028,0.033883299
Eukaryota,Oomycota,Pythiales,Pythiales,Pythiaceae,Globisporangium,Lasius brunneus,0.00138259,0.002941003,0,0,0,0,2.272514166,0.003432651,0.000546505
Eukaryota,Oomycota,Pythiales,Pythiales,Pythiaceae,Globisporangium,Ephydatia fluviatilis,0.160380489,1.914593259,0,0.000760445,0,0.082508251,0.000669765,0.048057119,0
Eukaryota,Oomycota,Pythiales,Pythiales,Pythiaceae,Globisporangium,Pinnularia neomajor,1.708881761,0,0,0.000760445,0.052553629,0.082508251,0.050902174,0,0.266694356
Eukaryota,Oomycota,Pythiales,Pythiales,Pythiaceae,Globisporangium,Acanthocyclops trajani,0,0,0,0.057033353,0,0.825082508,0.170120424,0.700260882,0.250299211
Eukaryota,Oomycota,Pythiales,Pythiales,Pythiaceae,Globisporangium,Chironomus curabilis,0,0,0,1.695031254,0,0.082508251,0,0,0
Eukaryota,Oomycota,Pythiales,Pythiales,Pythiaceae,Globisporangium,Pythium diclinum,0.048390665,0,0,1.312527566,0,0.082508251,0.14132051,0.068653028,0.038801843
Eukaryota,Oomycota,Pythiales,Pythiales,Pythiaceae,Globisporangium,Crangonyx floridanus,0.00138259,0.002941003,0,0.04030357,0,0,1.457409615,0,0.11094048
Eukaryota,Oomycota,Pythiales,Pythiales,Pythiaceae,Globisporangium,Aphanomyces piscicida,0,0.232339274,1.016299137,0.206840961,0.011147739,0,0.052241705,0.020595908,0.051371454
Eukaryota,Oomycota,Pythiales,Pythiales,Pythiaceae,Globisporangium,Pythium volutum,0,0,1.447746884,0,0,0.082508251,0.034827803,0,0
Eukaryota,Oomycota,Pythiales,Pythiales,Pythiaceae,Globisporangium,Chydorus brevilabris,0.875179737,0,0.009587728,0,0.632236077,0,0,0,0
Eukaryota,Oomycota,Pythiales,Pythiales,Pythiaceae,Globisporangium,Drepanosiphum oregonense,0,0.111758132,1.323106424,0,0,0,0.013395309,0.003432651,0.010930097
Eukaryota,Oomycota,Pythiales,Pythiales,Pythiaceae,Globisporangium,Pythium flevoense,0.009678133,0.038233045,0.498561841,0.677556235,0.057331231,0,0.021432494,0.003432651,0.027871746
Eukaryota,Oomycota,Pythiales,Pythiales,Pythiaceae,Globisporangium,Nanocladius distinctus,0,0,0,0,0,0,0,0,1.328553238
Eukaryota,Oomycota,Pythiales,Pythiales,Pythiaceae,Globisporangium,Chironomus bonus,0,0.002941003,0,0,0,0.495049505,0.000669765,0.102979541,0.719200354
Eukaryota,Oomycota,Pythiales,Pythiales,Pythiaceae,Globisporangium,Rotaria magnacalcarata,0,0,0,0,1.269249757,0,0,0,0
Eukaryota,Oomycota,Pythiales,Pythiales,Pythiaceae,Globisporangium,Phytophthora uniformis,0.00138259,0.005882007,0,1.212909309,0.022295479,0,0,0.003432651,0.001639514
Eukaryota,Oomycota,Pythiales,Pythiales,Pythiaceae,Phytopythium,Phytopythium delawarense,0,0.326451385,0,0.342200119,0.202251843,0,0.10448341,0,0.185811642
Eukaryota,Oomycota,Pythiales,Pythiales,Pythiaceae,Phytopythium,Pythium oopapillum,0.011060723,0,0.019175455,0.373378352,0.022295479,0.165016502,0.11921825,0.394754909,0.025685727
Eukaryota,Oomycota,Pythiales,Pythiales,Pythiaceae,Phytopythium,Limnephilus helveticus,0,1.126404329,0,0,0,0,0,0,0
Eukaryota,Oomycota,Pythiales,Pythiales,Pythiaceae,Phytopythium,Pinnularia australogibba,0,1.041115229,0,0,0,0,0,0,0
Eukaryota,Oomycota,Pythiales,Pythiales,Pythiaceae,Phytopythium,Elongisporangium helicandrum,0,0,0.009587728,0.66538912,0.214992117,0,0.016744136,0.003432651,0.088533782
Eukaryota,Oomycota,Pythiales,Pythiales,Pythiaceae,Phytopythium,Acanthocyclops americanus,0.464550382,0.138227163,0,0.007604447,0.248435335,0,0.048892878,0.010297954,0.002186019
Eukaryota,Oomycota,Pythiales,Pythiales,Pythiaceae,Pythium,Vannella simplex,0,0,0.651965484,0.052470685,0.035035752,0.082508251,0.069655607,0,0.007651068
Eukaryota,Oomycota,Pythiales,Pythiales,Pythiaceae,Pythium,Myzocytiopsis humana,0.593131291,0.197047233,0,0.025094675,0.003185068,0,0.002009296,0,0.016395145
Eukaryota,Oomycota,Pythiales,Pythiales,Pythiaceae,Pythium,Thermocyclops crassus,0.06498175,0.373507441,0.047938639,0.055512464,0.011147739,0.247524752,0,0,0.002732524
Eukaryota,Oomycota,Pythiales,Pythiales,Pythiaceae,Pythium,Globisporangium mamillatum,0,0.523498618,0.191754554,0.006844002,0.007962671,0,0.0368371,0.010297954,0.007651068
Eukaryota,Oomycota,Pythiales,Pythiales,Pythiaceae,Pythium,Limnodrilus hoffmeisteri,0,0,0,0.000760445,0,0.082508251,0.683160757,0,0
Eukaryota,Oomycota,Pythiales,Pythiales,Pythiaceae,Pythium,Pythium amaminum,0.023504037,0.214693253,0,0.212924518,0.152883283,0.082508251,0.012725544,0.02402856,0.040987862
Eukaryota,Oomycota,Pythiales,Pythiales,Pythiaceae,Pythium,Globisporangium pengfuense,0.005530362,0.314687371,0.019175455,0.146005384,0.207029446,0,0.012725544,0.006865303,0.025685727
Eukaryota,Oomycota,Pythiales,Pythiales,Pythiaceae,Pythium,Globisporangium cylindrosporum,0,0.714663843,0,0.007604447,0,0,0,0.006865303,0.003279029
Eukaryota,Oomycota,Pythiales,Pythiales,Pythiaceae,Pythium,Parachironomus arcuatus,0,0,0,0.479840611,0,0,0.064297483,0.006865303,0.078696695
Eukaryota,Oomycota,Pythiales,Pythiales,Pythiaceae,Pythium,Chaetogaster langi,0,0,0.009587728,0.000760445,0,0,0.611495854,0,0
Eukaryota,Oomycota,Pythiales,Pythiales,Pythiaceae,Pythium,Simocephalus beianensis,0,0,0,0,0.608348064,0,0,0,0
Eukaryota,Oomycota,Pythiales,Pythiales,Pythiaceae,Pythium,Pythium sukuiense,0.019356266,0,0.038350911,0.453225046,0.039813355,0,0.008037185,0.003432651,0.03060427
Eukaryota,Oomycota,Pythiales,Pythiales,Pythiaceae,Pythium,Homo sapiens,0,0.132345156,0,0.003041779,0.433169302,0,0,0.020595908,0
Eukaryota,Oomycota,Pythiales,Pythiales,Pythiaceae,Pythium,Melosira ambiqua,0.004147771,0,0.556088207,0,0,0,0.028130149,0,0.000546505
Eukaryota,Oomycota,Pythiales,Pythiales,Pythiaceae,Pythium,Pythium chondricola,0.008295543,0.002941003,0.230105465,0.067679579,0.007962671,0,0.260538759,0,0.004918543
Eukaryota,Oomycota,Pythiales,Pythiales,Pythiaceae,Pythium,Bufo bufo,0,0,0,0,0,0.577557756,0,0,0
Eukaryota,Oomycota,Pythiales,Pythiales,Pythiaceae,Pythium,Stephanodiscus binderanus,0,0,0,0,0.492093068,0.082508251,0,0,0
Eukaryota,Oomycota,Pythiales,Pythiales,Pythiaceae,Pythium,Globisporangium kunmingense,0.005530362,0.261749309,0.047938639,0.07756536,0.133772873,0,0.013395309,0.013730606,0.007104563
Eukaryota,Oomycota,Pythiales,Pythiales,Pythiaceae,Pythium,Phytophthora quercetorum,0,0.476442562,0,0.003802224,0,0,0.003348827,0.013730606,0.002732524
Eukaryota,Oomycota,Pythiales,Pythiales,Pythiaceae,Pythium,Paratanytarsus tenellulus,0,0,0,0,0.474575192,0,0,0,0.020767183
Eukaryota,Oomycota,Pythiales,Pythiales,Pythiaceae,Pythium,Pythiogeton ramosum,0.024886628,0.302923357,0,0.003802224,0.007962671,0,0.018083667,0,0.122963586
Eukaryota,Oomycota,Pythiales,Pythiales,Pythiaceae,Pythium,Phytophthora tyrrhenica,0,0,0,0.431932594,0.004777603,0,0,0.003432651,0
Eukaryota,Oomycota,Pythiales,Pythiales,Pythiaceae,Pythium,Phytopythium citrinum,0,0.088230104,0,0.087451141,0.092366984,0,0.097785755,0.030893862,0.043173881
Eukaryota,Oomycota,Pythiales,Pythiales,Pythiogetonaceae,Pythiogeton,Nannochloropsis limnetica,0.291726579,0,0,0.039543125,0,0,0,0.068653028,0.026232232
Eukaryota,Arthropoda,Insecta,Hemiptera,Reduviidae,Sycanus,Phytophthora alni,0,0,0,0.399233472,0.009555205,0,0,0,0.005465048
Eukaryota,Oomycota,Saprolegniales,Saprolegniales,Saprolegniaceae,Aphanomyces,Pompholyx sulcata,0,0,0,0,0,0.412541254,0,0,0
Eukaryota,Oomycota,Saprolegniales,Saprolegniales,Saprolegniaceae,Brevilegnia,Pythium cedri,0.005530362,0.032351038,0.019175455,0.187829843,0.081219244,0,0.008037185,0.017163257,0.031150775
Eukaryota,Oomycota,Saprolegniales,Saprolegniales,Saprolegniaceae,Brevilegnia,Stephanodiscus meyeri,0,0,0,0,0.184733967,0,0.192222684,0,0
Eukaryota,Bacillariophyta,Bacillariophyceae,Naviculales,Sellaphoraceae,Sellaphora,Phorodon cannabis,0,0,0,0.372617907,0,0,0.000669765,0,0
Eukaryota,Porifera,Demospongiae,Spongillida,Spongillidae,Ephydatia,Pseudocandona albicans,0,0,0,0,0,0,0.365022169,0,0
Eukaryota,Porifera,Demospongiae,Spongillida,Spongillidae,Ephydatia,Satchelliella trivialis,0,0,0,0.277562318,0,0.082508251,0,0.003432651,0
Eukaryota,Porifera,Demospongiae,Spongillida,Spongillidae,Radiospongilla,Phytophthora lacustris,0.013825904,0.044115052,0.182166826,0.007604447,0.015925342,0,0.0368371,0,0.06230155
Eukaryota,Bacillariophyta,Coscinodiscophyceae,Stephanodiscales,Stephanodiscaceae,Cyclotella,Pythium inflatum,0,0.00882301,0.009587728,0.158172499,0.012740274,0,0.010716247,0.034326514,0.127335625
Eukaryota,Bacillariophyta,Coscinodiscophyceae,Stephanodiscales,Stephanodiscaceae,Stephanodiscus,Achlya colorata,0,0,0,0.180985841,0.085996847,0,0.040185927,0.003432651,0.037162328
Eukaryota,Bacillariophyta,Coscinodiscophyceae,Thalassiosirales,Thalassiosiraceae,Thalassiosira,Phytophthora arenaria,0,0.332333392,0.009587728,0,0,0,0,0.003432651,0.000546505
Eukaryota,Oomycota,Saprolegniales,Saprolegniales,Saprolegniaceae,Achlya,Globisporangium viniferum,0.002765181,0.161755191,0.009587728,0.024334231,0.009555205,0,0.027460383,0.102979541,0.002186019
Eukaryota,Oomycota,Saprolegniales,Saprolegniales,Saprolegniaceae,Aphanomyces,Hydra oligactis,0,0,0.172579099,0.006844002,0,0,0.136632151,0,0.024046212
Eukaryota,Oomycota,Saprolegniales,Saprolegniales,Saprolegniaceae,Aphanomyces,Chydorus sphaericus,0.128580909,0,0,0,0.18951157,0,0,0,0.021313688
Eukaryota,Oomycota,Saprolegniales,Saprolegniales,Saprolegniaceae,Aphanomyces,Physella virgata,0,0.005882007,0.009587728,0.091253365,0.001592534,0,0,0.003432651,0.22188096
Eukaryota,Oomycota,Saprolegniales,Saprolegniales,Saprolegniaceae,Aphanomyces,Cochliopodium pentatrifurcatum,0,0,0,0,0.001592534,0.165016502,0.109841533,0,0.049185435
Eukaryota,Rotifera,Eurotatoria,Ploima,Asplanchnidae,Asplanchna,Chironomus riparius,0,0,0,0.141442716,0.183141433,0,0,0,0
Eukaryota,Bacillariophyta,Fragilariophyceae,Fragilariales,Fragilariaceae,Asterionella,Pythium periplocum,0,0.108817128,0.009587728,0.073002692,0.101922189,0,0,0,0.029511261
Eukaryota,Arthropoda,Insecta,Diptera,Chironomidae,Chironomus,Globisporangium paroecandrum,0.002765181,0.035292042,0.028763183,0.086690697,0.047776026,0.082508251,0.010046482,0.017163257,0.006558058
Eukaryota,Arthropoda,Insecta,Diptera,Chironomidae,Chironomus,Potamopyrgus oppidanus,0,0,0,0.048668461,0,0,0.268575945,0,0
Eukaryota,Arthropoda,Insecta,Diptera,Chironomidae,Chironomus,Phytopythium babaiaharii,0,0,0,0.237258749,0.006370137,0,0.004018593,0.006865303,0.051371454
Eukaryota,Discosea,Himatismenida,Himatismenida,Cochliopodiidae,Cochliopodium,Globisporangium rhizosaccharum,0.004147771,0,0,0.260832535,0.011147739,0,0.003348827,0,0.016395145
Eukaryota,Arthropoda,Hexanauplia,Cyclopoida,Cyclopidae,Cyclops,Phytophthora bilorbang,0,0,0,0.211403629,0.001592534,0,0,0,0.081975724
Eukaryota,Haptophyta,Pavlovales,Pavlovales,Pavlovaceae,Diacronema,Lagenidium deciduum,0.004147771,0,0.24928092,0.006083558,0.001592534,0,0.004688358,0,0.020220679
Eukaryota,Arthropoda,Insecta,Hemiptera,Aphididae,Drepanosiphum,Synura petersenii,0,0,0,0,0.248435335,0,0,0.030893862,0
Eukaryota,Oomycota,Pythiales,Pythiales,Pythiaceae,Elongisporangium,Chironomus pallidivittatus,0,0,0,0,0,0.082508251,0,0,0.195648729
Eukaryota,Porifera,Demospongiae,Spongillida,Spongillidae,Eunapius,Tryblionella apiculata,0,0,0,0,0,0.247524752,0,0.020595908,0.000546505
Eukaryota,Oomycota,Pythiales,Pythiales,Pythiaceae,Globisporangium,Phytophthora ukrainensis,0,0,0,0.256269867,0,0,0,0,0
Eukaryota,Oomycota,Pythiales,Pythiales,Pythiaceae,Globisporangium,Phytopythium litorale,0,0.00882301,0,0.049428906,0,0,0.099125286,0.037759165,0.051371454
Eukaryota,Oomycota,Pythiales,Pythiales,Pythiaceae,Globisporangium,Mytilina mucronata,0,0,0,0.000760445,0.242065198,0,0,0,0
Eukaryota,Oomycota,Pythiales,Pythiales,Pythiaceae,Globisporangium,Chrysochromulina tobinii,0.212918925,0,0,0,0,0,0,0.020595908,0
Eukaryota,Oomycota,Pythiales,Pythiales,Pythiaceae,Globisporangium,Pythium junctum,0.149319766,0,0,0.062356466,0.001592534,0,0.004688358,0.003432651,0.002186019
Eukaryota,Oomycota,Pythiales,Pythiales,Pythiaceae,Globisporangium,Acalitus vaccinii,0,0,0,0,0.222954788,0,0,0,0
Eukaryota,Oomycota,Pythiales,Pythiales,Pythiaceae,Globisporangium,Microstomum lineare,0,0.22057526,0,0,0,0,0.001339531,0,0
Eukaryota,Oomycota,Pythiales,Pythiales,Pythiaceae,Globisporangium,Pythium dissotocum,0,0,0,0.082888473,0,0.082508251,0.020092963,0.034326514,0.001639514
Eukaryota,Chordata,Mammalia,Primates,Hominidae,Homo,Elongisporangium senticosum,0.024886628,0.002941003,0,0.101899591,0.055738697,0,0.000669765,0.010297954,0.024046212
Eukaryota,Arthropoda,Insecta,Trichoptera,Limnephilidae,Limnephilus,Vejdovskyella intermedia,0,0,0,0,0,0,0.093097397,0.12357545,0
Eukaryota,Arthropoda,Insecta,Trichoptera,Limnephilidae,Limnephilus,Elongisporangium anandrum,0,0,0,0.151328497,0.025480547,0,0.002679062,0.003432651,0.023499708
Eukaryota,Arthropoda,Insecta,Trichoptera,Limnephilidae,Limnephilus,Zethus tumidus,0,0,0,0,0.191104104,0,0,0.010297954,0
Eukaryota,Chordata,Amphibia,Caudata,Salamandridae,Lissotriton,Procladius imicola,0,0,0,0,0,0.082508251,0.109171768,0,0
Eukaryota,Porifera,Demospongiae,Spongillida,Lubomirskiidae,Lubomirskia,Apodachlya minima,0.042860303,0,0.009587728,0.060075132,0,0,0,0.027461211,0.040987862
Eukaryota,Platyhelminthes,Rhabditophora,Macrostomida,Microstomidae,Microstomum,Globisporangium oryzicola,0,0.005882007,0.115052733,0.044866238,0.009555205,0,0,0,0.004372039
Eukaryota,Platyhelminthes,Rhabditophora,Macrostomida,Microstomidae,Microstomum,Diacronema vlkianum,0,0.179401212,0,0,0,0,0,0,0
Eukaryota,Rhodophyta,Florideophyceae,Batrachospermales,Lemaneaceae,Paralemanea,Candona candida,0,0,0,0,0,0,0,0,0.177614069
Eukaryota,Mollusca,Gastropoda,Physidae,Physidae,Physella,Physella anatina,0,0,0,0.166537391,0,0,0,0,0.008744077
Eukaryota,Oomycota,Peronosporales,Peronosporales,Peronosporaceae,Phytophthora,Cypridopsis vidua,0,0,0,0.174902283,0,0,0,0,0
Eukaryota,Oomycota,Peronosporales,Peronosporales,Peronosporaceae,Phytophthora,Fistulifera saprophila,0,0,0,0,0,0,0.155385584,0.006865303,0.012569611
Eukaryota,Oomycota,Peronosporales,Peronosporales,Peronosporaceae,Phytophthora,Eiseniella tetraedra,0,0,0,0,0,0,0.170120424,0,0.000546505
Eukaryota,Oomycota,Peronosporales,Peronosporales,Peronosporaceae,Phytophthora,Globisporangium carolinianum,0.13134609,0,0,0.01292756,0.023888013,0,0,0,0.002186019
Eukaryota,Oomycota,Peronosporales,Peronosporales,Peronosporaceae,Phytophthora,Symplecta stictica,0,0,0,0,0,0,0.168780893,0,0
Eukaryota,Oomycota,Peronosporales,Peronosporales,Peronosporaceae,Phytophthora,Phytophthora honggalleglyana,0,0,0,0.016729784,0,0,0.014065074,0.061787725,0.075417666
Eukaryota,Oomycota,Peronosporales,Peronosporales,Peronosporaceae,Phytophthora,Chironomus piger,0,0,0,0.001520889,0,0.165016502,0,0,0
Eukaryota,Oomycota,Peronosporales,Peronosporales,Peronosporaceae,Phytophthora,Saprolegnia australis,0,0,0,0.158172499,0.003185068,0,0.000669765,0,0
Eukaryota,Oomycota,Peronosporales,Peronosporales,Peronosporaceae,Phytophthora,Diacyclops bisetosus,0,0,0,0,0.12899527,0,0,0.030893862,0.000546505
Eukaryota,Oomycota,Peronosporales,Peronosporales,Peronosporaceae,Phytophthora,Achlya catenulata,0,0.005882007,0.009587728,0.123192043,0.003185068,0,0.004018593,0.003432651,0.007651068
Eukaryota,Oomycota,Peronosporales,Peronosporales,Peronosporaceae,Phytophthora,Aphanomyces salsuginosus,0,0.002941003,0,0.076804916,0.006370137,0,0.046883581,0,0.019127669
Eukaryota,Oomycota,Peronosporales,Peronosporales,Peronosporaceae,Phytophthora,Malassezia globosa,0,0,0,0,0.148105681,0,0,0,0
Eukaryota,Oomycota,Peronosporales,Peronosporales,Peronosporaceae,Phytophthora,Pythium utonaiense,0.002765181,0.038233045,0,0.086690697,0.011147739,0,0.002679062,0.003432651,0.002186019
Eukaryota,Oomycota,Pythiales,Pythiales,Pythiaceae,Phytopythium,Lasius neoniger,0,0,0.009587728,0,0,0,0.133283324,0,0
Eukaryota,Oomycota,Pythiales,Pythiales,Pythiaceae,Phytopythium,Cochliopodium plurinucleolum,0,0,0,0.008364892,0.017517876,0,0.062288187,0.020595908,0.033336795
Eukaryota,Oomycota,Pythiales,Pythiales,Pythiaceae,Phytopythium,Globisporangium spinosum,0.00138259,0.00882301,0,0.05171024,0.065293902,0,0.00736742,0,0.007104563
Eukaryota,Bacillariophyta,Bacillariophyceae,Naviculales,Pinnulariaceae,Pinnularia,Daphnia galeata,0,0,0.134228188,0.000760445,0,0,0.002679062,0,0
Eukaryota,Mollusca,Gastropoda,Littorinimorpha,Tateidae,Potamopyrgus,Phytophthora riparia,0.002765181,0.002941003,0.067114094,0.012167115,0.006370137,0,0.008706951,0,0.037162328
Eukaryota,Arthropoda,Insecta,Diptera,Chironomidae,Psectrotanypus,Agraylea multipunctata,0,0,0,0.133838269,0,0,0,0,0
Eukaryota,Oomycota,Pythiales,Pythiales,Pythiaceae,Pythium,Sellaphora bisexualis,0,0,0,0,0.130587804,0,0,0,0
Eukaryota,Oomycota,Pythiales,Pythiales,Pythiaceae,Pythium,Unionicola crassipes,0,0,0,0,0.122625133,0,0,0,0
Eukaryota,Oomycota,Pythiales,Pythiales,Pythiaceae,Pythium,Saprolegnia hypogyna,0,0,0,0.008364892,0.111477394,0,0.002679062,0,0
Eukaryota,Oomycota,Pythiales,Pythiales,Pythiaceae,Pythium,Paralemanea annulata,0,0.005882007,0,0.106462259,0.003185068,0,0,0,0.006558058
Eukaryota,Oomycota,Pythiales,Pythiales,Pythiaceae,Pythium,Grevenius pushkini,0,0,0,0,0,0,0.121897312,0,0
Eukaryota,Oomycota,Pythiales,Pythiales,Pythiaceae,Pythium,Stephanodiscus binatus,0,0,0,0,0.114662462,0,0.006027889,0,0
Eukaryota,Oomycota,Lagenidiales,Lagenidiales,Lagenidiaceae,Salilagenidium,Pythium adhaerens,0.015208495,0.002941003,0,0.055512464,0.020702945,0,0.020762729,0,0.003825534
Eukaryota,Chordata,Actinopteri,Cypriniformes,Tincidae,Tinca,Saprolegnia ferax,0,0,0,0.026615565,0.068478971,0,0.021432494,0,0.00109301
Eukaryota,Mollusca,Bivalvia,Unionida,Unionidae,Unio,Pinnularia grunowii,0,0,0,0,0.114662462,0,0,0,0
Eukaryota,Arthropoda,Insecta,Diptera,Chironomidae,Chironomus,Pinnularia neglectiformis,0.078807654,0,0,0,0.020702945,0,0,0.013730606,0
Eukaryota,Arthropoda,Branchiopoda,Diplostraca,Daphniidae,Daphnia,Saprolegnia parasitica,0,0,0,0.088211586,0,0,0.006697654,0.013730606,0.003279029
Eukaryota,Bryozoa,Phylactolaemata,Plumatellidae,Plumatellidae,Plumatella,Glyptotendipes pallens,0,0,0,0.019011118,0,0,0,0.048057119,0.044266891
Eukaryota,Oomycota,Pythiales,Pythiales,Pythiaceae,Pythium,Phytophthora amnicola,0.004147771,0,0,0.068440024,0.006370137,0,0,0,0.032243785
Eukaryota,Chrysophyceae,Chrysophyceae,Apoikiaceae,Apoikiaceae,Apoikiospumella,Saprolegnia mixta,0,0,0,0.010646226,0.095552052,0,0.002009296,0,0.002186019
Eukaryota,Oomycota,Pythiales,Pythiales,Pythiaceae,Pythium,Globisporangium iranense,0,0,0.086289549,0.015208894,0.003185068,0,0.000669765,0,0.004372039
Eukaryota,Discosea,Flabellinia,Vannellidae,Vannellidae,Vannella,Globisporangium macrosporum,0,0,0,0.003802224,0.09873712,0,0.006697654,0,0
Eukaryota,Cnidaria,Hydrozoa,Anthoathecata,Hydridae,Hydra,Limnephilus germanus,0,0.108817128,0,0,0,0,0,0,0
Eukaryota,Arthropoda,Branchiopoda,Diplostraca,Daphniidae,Daphnia,Globisporangium echinulatum,0.077425064,0,0,0.007604447,0.020702945,0,0,0,0
Eukaryota,Oomycota,Pythiales,Pythiales,Pythiaceae,Pythium,Pythium capillosum,0,0,0.095877277,0.006844002,0,0,0,0,0
Eukaryota,Oomycota,Pythiales,Pythiales,Pythiaceae,Globisporangium,Stephanodiscus niagarae,0.005530362,0,0,0,0,0.082508251,0.004688358,0.006865303,0
Eukaryota,Ascomycota,Leotiomycetes,Helotiales,Ploettnerulaceae,Rhynchosporium,Cochliopodium marrii,0,0.091171108,0,0.002281334,0,0,0,0.003432651,0
Eukaryota,Cnidaria,Hydrozoa,Anthoathecata,Hydridae,Hydra,Chironomus balatonicus,0,0,0,0,0,0,0,0.096114239,0
Eukaryota,Oomycota,Pythiales,Pythiales,Pythiaceae,Pythium,Pythium phragmitis,0,0,0,0,0,0,0,0,0.09509184
Eukaryota,Oomycota,Pythiales,Pythiales,Pythiaceae,Pythium,Thalassiosira pseudonana,0.029034399,0,0.009587728,0,0.046183492,0,0,0,0.008197572
Eukaryota,Oomycota,Pythiales,Pythiales,Pythiaceae,Pythium,Procladius ferrugineus,0,0,0,0,0,0,0.072334668,0.020595908,0
Eukaryota,Oomycota,Pythiales,Pythiales,Pythiaceae,Pythium,Pythium lutarium,0.005530362,0,0,0.057033353,0,0,0.015404605,0.010297954,0.000546505
Eukaryota,Annelida,Clitellata,Tubificida,Naididae,Chaetogaster,Hyalinella punctata,0,0,0,0,0,0,0.087069508,0,0
Eukaryota,Arthropoda,Hexanauplia,Cyclopoida,Cyclopidae,Cyclops,Herpetocypris brevicaudata,0,0,0,0.085930252,0,0,0,0,0
Eukaryota,Arthropoda,Insecta,Diptera,Chironomidae,Chironomus,Globisporangium splendens,0.013825904,0.035292042,0,0.012167115,0.011147739,0,0.008037185,0,0.003825534
Eukaryota,Arthropoda,Insecta,Hymenoptera,Formicidae,Lasius,Achlya hypogyna,0,0,0,0.004562668,0.003185068,0,0.061618421,0.013730606,0.000546505
Eukaryota,Discosea,Flabellinia,Vannellidae,Vannellidae,Ripella,Choricystis parasitica,0,0,0,0,0,0.082508251,0,0,0
Eukaryota,Oomycota,Pythiales,Pythiales,Pythiaceae,Elongisporangium,Gomphonema parvulum,0,0,0,0,0,0.082508251,0,0,0
Eukaryota,Oomycota,Pythiales,Pythiales,Pythiaceae,Globisporangium,Tanytarsus mendax,0,0,0,0,0,0.082508251,0,0,0
Eukaryota,Oomycota,Pythiales,Pythiales,Pythiaceae,Globisporangium,Sphaeromias fasciatus,0,0,0,0,0,0.082508251,0,0,0
Eukaryota,Oomycota,Pythiales,Pythiales,Pythiaceae,Pythium,Mompha langiella,0,0,0,0,0,0.082508251,0,0,0
Eukaryota,Oomycota,Saprolegniales,Saprolegniales,Saprolegniaceae,Aphanomyces,Chaetogaster fluvii,0,0,0,0,0,0.082508251,0,0,0
Eukaryota,Arthropoda,Insecta,Diptera,Chironomidae,Chironomus,Asplanchna sieboldii,0,0.082348097,0,0,0,0,0,0,0
Eukaryota,Arthropoda,Insecta,Diptera,Chironomidae,Parachironomus,Globisporangium pleroticum,0,0,0,0.073763137,0.003185068,0,0.002009296,0,0.000546505
Eukaryota,Oomycota,Peronosporales,Peronosporales,Peronosporaceae,Phytophthora,Nais barbata,0,0,0,0,0,0,0,0.078950982,0
Eukaryota,Oomycota,Peronosporales,Peronosporales,Peronosporaceae,Phytophthora,Stephanodiscus neglectus,0,0,0,0,0.078034176,0,0,0,0
Eukaryota,Arthropoda,Insecta,Hemiptera,Aphididae,Phorodon,Lissotriton kosswigi,0,0,0,0,0,0,0,0,0.077057181
Eukaryota,Arthropoda,Insecta,Diptera,Psychodidae,Satchelliella,Unio tumidus,0,0,0,0.011406671,0,0,0.062957952,0,0
Eukaryota,Oomycota,Peronosporales,Peronosporales,Peronosporaceae,Phytophthora,Korotnevella stella,0,0,0,0.042584904,0,0,0,0,0.031150775
Eukaryota,Oomycota,Pythiales,Pythiales,Pythiaceae,Phytopythium,Saprolegnia subterranea,0,0,0,0.009885781,0.063701368,0,0,0,0
Eukaryota,Oomycota,Peronosporales,Peronosporales,Peronosporaceae,Phytophthora,Nais stolci,0,0,0,0.073002692,0,0,0,0,0
Eukaryota,Oomycota,Saprolegniales,Saprolegniales,Saprolegniaceae,Achlya,Brachionus fernandoi,0,0,0,0.070721358,0,0,0,0,0
Eukaryota,Arthropoda,Ostracoda,Podocopida,Cyprididae,Cypridopsis,Polypedilum nubeculosum,0,0,0,0,0,0,0,0,0.069952618
Eukaryota,Mollusca,Gastropoda,Physidae,Physidae,Physella,Globisporangium ultimum,0,0.014705017,0,0.012167115,0.022295479,0,0.008706951,0.006865303,0.004918543
Eukaryota,Oomycota,Saprolegniales,Saprolegniales,Saprolegniaceae,Saprolegnia,Microtendipes pedellus,0,0,0,0,0,0,0,0.068653028,0
Eukaryota,Oomycota,Pythiales,Pythiales,Pythiaceae,Elongisporangium,Brevilegnia gracilis,0.00138259,0,0.019175455,0.010646226,0.035035752,0,0,0,0.00109301
Eukaryota,Arthropoda,Insecta,Diptera,Chironomidae,Chironomus,Baikalospongia recta,0.004147771,0.035292042,0,0,0,0,0,0.027461211,0
Eukaryota,Arthropoda,Insecta,Trichoptera,Hydroptilidae,Agraylea,Pythium rishiriense,0,0,0.009587728,0.014448449,0.001592534,0,0,0,0.038801843
Eukaryota,Oomycota,Saprolegniales,Saprolegniales,Saprolegniaceae,Saprolegnia,Peronospora variabilis,0,0,0,0.062356466,0,0,0,0,0
Eukaryota,Arthropoda,Ostracoda,Podocopida,Cyprididae,Herpetocypris,Saprolegnia lapponica,0,0,0,0.029657344,0,0,0.032148742,0,0
Eukaryota,Oomycota,Pythiales,Pythiales,Pythiaceae,Pythium,Tinca tinca,0,0.061761073,0,0,0,0,0,0,0
Eukaryota,Oomycota,Pythiales,Pythiales,Pythiaceae,Globisporangium,Radiospongilla crateriformis,0.00138259,0.00882301,0,0,0,0,0,0.051489771,0
Eukaryota,Annelida,Clitellata,Tubificida,Naididae,Nais,Pythium contiguanum,0.013825904,0,0,0.027376009,0.01911041,0,0,0,0.00109301
Eukaryota,Rotifera,Eurotatoria,Ploima,Brachionidae,Brachionus,Pythium catenulatum,0,0,0,0.034980457,0,0,0,0,0.025139222
Eukaryota,Oomycota,Peronosporales,Peronosporales,Peronosporaceae,Peronospora,Aphanomyces invadans,0,0.017646021,0,0.007604447,0.001592534,0,0.031478976,0,0.001639514
Eukaryota,Arthropoda,Hexanauplia,Cyclopoida,Cyclopidae,Acanthocyclops,Aphanomyces iridis,0,0,0,0.039543125,0,0,0,0.013730606,0.005465048
Eukaryota,Mollusca,Gastropoda,Littorinimorpha,Tateidae,Potamopyrgus,Potamothrix bavaricus,0,0,0,0,0,0,0,0,0.056289997
Eukaryota,Arthropoda,Insecta,Diptera,Chironomidae,Microtendipes,Acroloxus lacustris,0,0,0,0.027376009,0,0,0,0,0.027325241
Eukaryota,Oomycota,Saprolegniales,Saprolegniales,Saprolegniaceae,Saprolegnia,x cambivora,0,0,0,0.036501346,0,0,0,0,0.017488155
Eukaryota,Discosea,Flabellinia,Dactylopodida,Paramoebidae,Korotnevella,Lubomirskia abietina,0,0.005882007,0,0,0,0,0,0.048057119,0
Eukaryota,Oomycota,Pythiales,Pythiales,Pythiaceae,Pythium,Globisporangium barbulae,0,0.014705017,0,0.003041779,0,0,0.026790618,0.006865303,0.00109301
Eukaryota,Oomycota,Saprolegniales,Saprolegniales,Saprolegniaceae,Aphanomyces,Globisporangium schmitthenneri,0.015208495,0,0,0.007604447,0.007962671,0,0.019423198,0,0
Eukaryota,Oomycota,Saprolegniales,Saprolegniales,Saprolegniaceae,Brevilegnia,Psectrotanypus orientalis,0,0.026469031,0,0,0,0,0,0,0.023499708
Eukaryota,Oomycota,Peronosporales,Peronosporales,Peronosporaceae,Phytophthora,Pythium jasmonium,0,0,0,0.039543125,0,0,0,0.010297954,0
Eukaryota,Arthropoda,Insecta,Trichoptera,Leptoceridae,Mystacides,Musculium kashmirense,0,0,0,0.009125336,0.01911041,0,0,0,0.020767183
Eukaryota,Oomycota,Pythiales,Pythiales,Pythiaceae,Pythium,Pisidium rotundatum,0,0,0,0.019771562,0.028665616,0,0,0,0
Eukaryota,Oomycota,Saprolegniales,Saprolegniales,Saprolegniaceae,Saprolegnia,Microtendipes brevitarsis,0,0,0,0.044105793,0,0,0,0.003432651,0.000546505
Eukaryota,Mollusca,Gastropoda,Acroloxidae,Acroloxidae,Acroloxus,Thrips minutissimus,0,0,0,0,0.027073081,0,0,0.020595908,0
Eukaryota,Mollusca,Gastropoda,Planorbidae,Planorbidae,Gyraulus,Saprolegnia diclina,0,0,0,0.043345348,0,0,0,0.003432651,0.000546505
Eukaryota,Oomycota,Saprolegniales,Saprolegniales,Saprolegniaceae,Saprolegnia,Pythium folliculosum,0.00138259,0,0,0.024334231,0,0,0.002679062,0,0.018581164
Eukaryota,Oomycota,Pythiales,Pythiales,Pythiaceae,Elongisporangium,Chrysochromulina parva,0,0,0,0,0.039813355,0,0,0.006865303,0
Eukaryota,Oomycota,Peronosporales,Peronosporales,Peronosporaceae,Phytophthora,Sellaphora blackfordensis,0,0,0,0,0,0,0,0,0.04645291
Eukaryota,Oomycota,Saprolegniales,Saprolegniales,Saprolegniaceae,Dictyuchus,Phytophthora syringae,0,0,0,0,0,0,0,0.044624468,0
Eukaryota,Oomycota,Pythiales,Pythiales,Pythiaceae,Elongisporangium,Limnocythere inopinata,0,0,0,0,0,0,0,0.044624468,0
Eukaryota,Oomycota,Pythiales,Pythiales,Pythiaceae,Globisporangium,Stephanodiscus agassizensis,0,0,0,0,0,0,0,0.044624468,0
Eukaryota,Oomycota,Saprolegniales,Saprolegniales,Saprolegniaceae,Aphanomyces,Pythium torulosum,0,0,0,0.014448449,0.003185068,0,0,0,0.024046212
Eukaryota,Mollusca,Bivalvia,Venerida,Sphaeriidae,Pisidium,Neuroterus quercusbaccarum,0,0,0,0,0.041405889,0,0,0,0
Eukaryota,Arthropoda,Insecta,Diptera,Chironomidae,Glyptotendipes,Planopodium desertum,0,0,0,0,0,0,0.040855692,0,0
Eukaryota,Mollusca,Gastropoda,Physidae,Physidae,Physella,Globisporangium cederbergense,0.00138259,0,0,0.019011118,0.012740274,0,0,0,0.007651068
Eukaryota,Annelida,Clitellata,Hirudinida,Piscicolidae,Piscicola,Asellus kosswigi,0,0,0,0,0.039813355,0,0,0,0.000546505
Eukaryota,Oomycota,Peronosporales,Peronosporales,Peronosporaceae,Phytophthora,Pythium acanthicum,0,0.002941003,0,0.01292756,0.022295479,0,0,0,0.001639514
Eukaryota,Oomycota,Peronosporales,Peronosporales,Peronosporaceae,Phytophthora,Pythium scleroteichum,0.004147771,0,0,0.02585512,0.003185068,0,0,0.003432651,0.002732524
Eukaryota,Annelida,Clitellata,Hirudinida,Piscicolidae,Piscicola,Sellaphora bacillum,0,0,0,0,0,0,0.038846396,0,0
Eukaryota,Annelida,Clitellata,Lumbriculida,Lumbriculidae,Stylodrilus,Brevilegnia unisperma,0,0,0,0.03878268,0,0,0,0,0
Eukaryota,Discosea,Himatismenida,Himatismenida,Cochliopodiidae,Cochliopodium,Globisporangium yorkense,0.020738856,0.00882301,0,0.005323113,0.001592534,0,0,0,0.002186019
Eukaryota,Oomycota,Pythiales,Pythiales,Pythiaceae,Globisporangium,Globisporangium camurandrum,0.00138259,0.002941003,0.009587728,0.013688005,0.007962671,0,0,0,0.002732524
Eukaryota,Oomycota,Pythiales,Pythiales,Pythiaceae,Pythium,Koliella longiseta,0.037329941,0,0,0,0,0,0,0,0
Eukaryota,Arthropoda,Insecta,Hemiptera,Aphididae,Brachycaudus,Phytophthora cocois,0,0.014705017,0,0.006844002,0.001592534,0,0,0.003432651,0.009837087
Eukaryota,Mollusca,Bivalvia,Unionida,Unionidae,Unio,Mystacides longicornis,0,0,0,0.035740901,0,0,0,0,0
Eukaryota,Mollusca,Gastropoda,Acroloxidae,Acroloxidae,Acroloxus,Limnephilus lunatus,0,0.035292042,0,0,0,0,0,0,0
Eukaryota,Oomycota,Pythiales,Pythiales,Pythiaceae,Pythium,Pythium grandisporangium,0,0.002941003,0,0.018250673,0.009555205,0,0.000669765,0,0.002186019
Eukaryota,Mollusca,Gastropoda,Ancylidae,Ancylidae,Ferrissia,Cochliopodium kieliense,0,0,0,0.014448449,0.014332808,0,0.001339531,0.003432651,0
Eukaryota,Mollusca,Gastropoda,Ancylidae,Ancylidae,Ferrissia,Dactylobiotus parthenogeneticus,0,0,0,0,0,0,0.033488272,0,0
Eukaryota,Oomycota,Pythiales,Pythiales,Pythiaceae,Globisporangium,Elongisporangium dimorphum,0,0,0,0.02585512,0.001592534,0,0,0,0.006011553
Eukaryota,Oomycota,Saprolegniales,Saprolegniales,Saprolegniaceae,Saprolegnia,Nothophytophthora lirii,0,0,0,0,0.014332808,0,0,0.006865303,0.012023106
Eukaryota,Arthropoda,Insecta,Hemiptera,Aphididae,Myzus,Globisporangium cryptoirregulare,0,0,0,0.014448449,0.001592534,0,0.002009296,0.006865303,0.007104563
Eukaryota,Oomycota,Peronosporales,Peronosporales,Peronosporaceae,Phytophthora,Lissotriton vulgaris,0,0.002941003,0,0,0,0,0,0,0.028964756
Eukaryota,Oomycota,Saprolegniales,Saprolegniales,Saprolegniaceae,Saprolegnia,Pythium plurisporium,0,0,0.019175455,0.006844002,0,0,0.000669765,0.003432651,0.00109301
Eukaryota,Annelida,Clitellata,Tubificida,Naididae,Nais,Physocypria kraepelini,0,0,0,0,0,0,0,0.030893862,0
Eukaryota,Mollusca,Bivalvia,Venerida,Sphaeriidae,Musculium,Amphichaeta raptisae,0,0,0,0,0,0,0,0.030893862,0
Eukaryota,Oomycota,Rhipidiales,Rhipidiales,Rhipidiaceae,Sapromyces,Periphyllus testudinaceus,0,0,0,0,0,0,0.030809211,0,0
Eukaryota,Discosea,Himatismenida,Himatismenida,Cochliopodiidae,Cochliopodium,Daphnia cucullata,0,0,0,0,0,0,0,0,0.03060427
Eukaryota,Oomycota,Saprolegniales,Saprolegniales,Saprolegniaceae,Saprolegnia,Rana temporaria,0,0,0,0,0,0,0,0,0.030057766
Eukaryota,Cnidaria,Hydrozoa,Anthoathecata,Hydridae,Hydra,Paraplaconeis kornevae,0,0,0,0,0,0,0,0,0.030057766
Eukaryota,Oomycota,Pythiales,Pythiales,Pythiaceae,Pythium,Elongisporangium undulatum,0,0,0,0.022813341,0.004777603,0,0.000669765,0,0.001639514
Eukaryota,Oomycota,Saprolegniales,Saprolegniales,Saprolegniaceae,Achlya,Aphanomyces sinensis,0,0,0,0.020532007,0,0,0,0,0.009290582
Eukaryota,Oomycota,Saprolegniales,Saprolegniales,Saprolegniaceae,Aphanomyces,Nothophytophthora vietnamensis,0,0,0,0,0.012740274,0,0,0,0.01694165
Eukaryota,Oomycota,Saprolegniales,Saprolegniales,Saprolegniaceae,Newbya,Fistulifera pelliculosa,0,0,0,0,0,0,0.002679062,0,0.026778737
Eukaryota,Rotifera,Eurotatoria,Ploima,Brachionidae,Keratella,Globisporangium alternatum,0,0,0,0.021292452,0,0,0,0.003432651,0.004372039
Eukaryota,Annelida,Clitellata,Tubificida,Naididae,Chaetogaster,Chlorella vulgaris,0,0,0,0,0,0,0.028799914,0,0
Eukaryota,Arthropoda,Insecta,Diptera,Chironomidae,Chironomus,Rhynchosporium graminicola,0,0,0.028763183,0,0,0,0,0,0
Eukaryota,Oomycota,Pythiales,Pythiales,Pythiaceae,Globisporangium,Globisporangium okanoganense,0,0.00882301,0,0.016729784,0,0,0,0,0.002732524
Eukaryota,Oomycota,Saprolegniales,Saprolegniales,Saprolegniaceae,Saprolegnia,Lasius niger,0,0,0,0,0,0,0.00736742,0.020595908,0
Eukaryota,Oomycota,Peronosporales,Peronosporales,Peronosporaceae,Phytophthora,Achlya sparrowii,0,0,0,0.006083558,0.017517876,0,0.002679062,0,0.001639514
Eukaryota,Oomycota,Pythiales,Pythiales,Pythiaceae,Pythium,Aphanomyces stellatus,0,0,0.009587728,0.009885781,0,0,0.002679062,0,0.005465048
Eukaryota,Oomycota,Saprolegniales,Saprolegniales,Saprolegniaceae,Achlya,Gyraulus circumstriatus,0,0,0,0.027376009,0,0,0,0,0
Eukaryota,Oomycota,Saprolegniales,Saprolegniales,Saprolegniaceae,Saprolegnia,Pythium pectinolyticum,0,0,0.019175455,0.005323113,0,0,0,0,0.002186019
Eukaryota,Oomycota,Peronosporales,Peronosporales,Peronosporaceae,Phytophthora,Chironomus usenicus,0,0,0,0,0,0,0,0.006865303,0.019674174
Eukaryota,Oomycota,Peronosporales,Peronosporales,Peronosporaceae,Phytophthora,Globisporangium erinaceum,0.00138259,0,0,0.001520889,0,0,0,0,0.023499708
Eukaryota,Oomycota,Pythiales,Pythiales,Pythiaceae,Globisporangium,Pinnularia subcommutata,0.026269218,0,0,0,0,0,0,0,0
Eukaryota,Oomycota,Pythiales,Pythiales,Pythiaceae,Pythium,Hydra robusta,0,0,0.019175455,0.000760445,0,0,0.000669765,0,0.004918543
Eukaryota,Oomycota,Pythiales,Pythiales,Pythiaceae,Pythium,Globisporangium monoclinum,0,0,0.009587728,0.006844002,0.003185068,0,0,0.003432651,0.002186019
Eukaryota,Oomycota,Saprolegniales,Saprolegniales,Saprolegniaceae,Achlya,Phytophthora sojae,0,0,0,0.025094675,0,0,0,0,0
Eukaryota,Oomycota,Saprolegniales,Saprolegniales,Saprolegniaceae,Aphanomyces,Eremocampe nitrariae,0,0,0,0.000760445,0.020702945,0,0,0.003432651,0
Eukaryota,Arthropoda,Insecta,Hemiptera,Cicadellidae,Neodartus,Globisporangium recalcitrans,0.002765181,0,0.019175455,0.002281334,0,0,0,0,0.000546505
Eukaryota,Oomycota,Peronosporales,Peronosporales,Peronosporaceae,Phytophthora,Dictyuchus monosporus,0,0,0,0.023573786,0,0,0.000669765,0,0
Eukaryota,Oomycota,Pythiales,Pythiales,Pythiaceae,Elongisporangium,Lype phaeopa,0,0,0,0,0,0,0,0.02402856,0
Eukaryota,Oomycota,Pythiales,Pythiales,Pythiaceae,Globisporangium,cochlearis AEG1,0,0,0,0,0.023888013,0,0,0,0
Eukaryota,Oomycota,Saprolegniales,Saprolegniales,Saprolegniaceae,Achlya,Pythium porphyrae,0,0,0.019175455,0.002281334,0.001592534,0,0.000669765,0,0
Eukaryota,Annelida,Clitellata,Tubificida,Naididae,Dero,Pythium conidiophorum,0,0,0.019175455,0.001520889,0,0,0.000669765,0,0.001639514
Eukaryota,Arthropoda,Insecta,Hemiptera,Aphididae,Megoura,Physella winnipegensis,0,0,0,0.017490228,0,0,0,0,0.005465048
Eukaryota,Arthropoda,Insecta,Hemiptera,Aphididae,Nearctaphis,Salilagenidium myophilum,0,0.00882301,0,0.009885781,0.003185068,0,0,0,0.000546505
Eukaryota,Oomycota,Peronosporales,Peronosporales,Peronosporaceae,Phytophthora,Phytophthora cambivora,0,0,0,0.015969339,0.001592534,0,0,0,0.004372039
Eukaryota,Oomycota,Peronosporales,Peronosporales,Peronosporaceae,Phytophthora,Phytopythium nanjingense,0.011060723,0.002941003,0,0.003041779,0.001592534,0,0.001339531,0,0.00109301
Eukaryota,Oomycota,Peronosporales,Peronosporales,Peronosporaceae,Phytophthora,Synchaeta pectinata,0,0,0,0,0,0,0,0,0.020767183
Eukaryota,Oomycota,Pythiales,Pythiales,Pythiaceae,Elongisporangium,Korotnevella novazelandica,0,0,0,0,0,0,0,0.020595908,0
Eukaryota,Oomycota,Pythiales,Pythiales,Pythiaceae,Globisporangium,x alni,0,0,0,0.009885781,0,0,0,0,0.010383592
Eukaryota,Oomycota,Pythiales,Pythiales,Pythiaceae,Globisporangium,Globisporangium selbyi,0.004147771,0,0,0.006844002,0.007962671,0,0,0,0.00109301
Eukaryota,Oomycota,Pythiales,Pythiales,Pythiaceae,Halophytophthora,Chaetogaster limnaei,0,0,0,0,0,0,0,0,0.019674174
Eukaryota,Oomycota,Pythiales,Pythiales,Pythiaceae,Pythium,Pythium kashmirense,0,0,0,0.003802224,0,0,0,0,0.01584864
Eukaryota,Oomycota,Pythiales,Pythiales,Pythiaceae,Pythium,Lumbricus rubellus,0,0,0,0,0,0,0.019423198,0,0
Eukaryota,Oomycota,Pythiales,Pythiales,Pythiaceae,Pythium,Globisporangium iwayamae,0.00138259,0,0,0.009125336,0.006370137,0,0,0,0.002186019
Eukaryota,Rotifera,Eurotatoria,Philodinida,Habrotrochidae,Habrotrocha,Acroloxus tetensi,0,0,0,0.011406671,0,0,0,0,0.007651068
Eukaryota,Annelida,Clitellata,Tubificida,Naididae,Stylaria,Lissotriton montandoni,0,0,0,0,0,0,0,0,0.018581164
Eukaryota,Arthropoda,Insecta,Diptera,Chironomidae,Chironomus,Globisporangium heterothallicum,0,0.00882301,0,0.002281334,0,0,0.004688358,0,0.002732524
Eukaryota,Arthropoda,Insecta,Diptera,Chironomidae,Chironomus,Polydesmus angustus,0,0,0,0,0.017517876,0,0,0,0
Eukaryota,Arthropoda,Insecta,Hemiptera,Aphididae,Brachycaudus,Cladotanytarsus mancus,0,0,0,0,0,0,0,0.017163257,0
Eukaryota,Arthropoda,Insecta,Hemiptera,Aphididae,Brachycaudus,Copromyxa flindersi,0,0,0,0,0.007962671,0,0.005358124,0.003432651,0
Eukaryota,Arthropoda,Insecta,Hemiptera,Aphididae,Dysaphis,Piscicola geometra,0,0,0,0.016729784,0,0,0,0,0
Eukaryota,Arthropoda,Insecta,Hemiptera,Aphididae,Eumyzus,Aphanomyces euteiches,0,0,0,0.006083558,0,0,0,0.010297954,0
Eukaryota,Arthropoda,Insecta,Hemiptera,Aphididae,Wahlgreniella,Phytophthora penetrans,0,0.005882007,0.009587728,0.000760445,0,0,0,0,0
Eukaryota,Oomycota,Peronosporales,Peronosporales,Peronosporaceae,Phytophthora,novae guineae,0,0.014705017,0,0.000760445,0,0,0,0,0
Eukaryota,Oomycota,Peronosporales,Peronosporales,Peronosporaceae,Phytophthora,Globisporangium attrantheridium,0,0,0.009587728,0.000760445,0.004777603,0,0,0,0
Eukaryota,Oomycota,Peronosporales,Peronosporales,Peronosporaceae,Phytophthora,Stephanocyclus meneghinianus,0,0,0,0,0.007962671,0,0,0.006865303,0
Eukaryota,Oomycota,Peronosporales,Peronosporales,Peronosporaceae,Phytophthora,Piscicola pojmanskae,0,0,0,0.014448449,0,0,0,0,0
Eukaryota,Oomycota,Peronosporales,Peronosporales,Peronosporaceae,Phytophthora,Stylodrilus brachystylus,0,0,0,0.014448449,0,0,0,0,0
Eukaryota,Oomycota,Peronosporales,Peronosporales,Salisapiliaceae,Salisapilia,Newbya spinosa,0,0,0,0.006083558,0.001592534,0,0.004018593,0,0.002732524
Eukaryota,Oomycota,Pythiales,Pythiales,Pythiaceae,Globisporangium,Phytophthora humicola,0,0,0,0.002281334,0.001592534,0,0,0.010297954,0
Eukaryota,Oomycota,Pythiales,Pythiales,Pythiaceae,Globisporangium,Pythium serotinoosporum,0,0,0,0.011406671,0.001592534,0,0,0,0.00109301
Eukaryota,Oomycota,Pythiales,Pythiales,Pythiaceae,Phytopythium,Globisporangium uncinulatum,0,0,0,0.010646226,0,0,0,0.003432651,0
Eukaryota,Oomycota,Pythiales,Pythiales,Pythiaceae,Pythium,Pythium biforme,0,0,0,0.007604447,0.003185068,0,0,0,0.003279029
Eukaryota,Oomycota,Saprolegniales,Saprolegniales,Saprolegniaceae,Achlya,Globisporangium nagaii,0,0.002941003,0.009587728,0.001520889,0,0,0,0,0
Eukaryota,Oomycota,Saprolegniales,Saprolegniales,Saprolegniaceae,Protoachlya,Glyptotendipes paripes,0,0,0,0,0,0,0,0.013730606,0
Eukaryota,Annelida,Clitellata,Tubificida,Naididae,Limnodrilus,Harnischia curtilamellata,0,0,0,0,0,0,0,0.013730606,0
Eukaryota,Arthropoda,Insecta,Diptera,Chironomidae,Chironomus,Halictus tetrazonianellus,0,0,0,0,0,0,0,0.013730606,0
Eukaryota,Arthropoda,Insecta,Diptera,Chironomidae,Nanocladius,Stephanodiscus neoastraea,0,0,0,0,0,0,0,0.013730606,0
Eukaryota,Arthropoda,Insecta,Diptera,Syrphidae,Palpada,Hippeutis complanatus,0,0,0,0,0,0,0,0,0.013662621
Eukaryota,Arthropoda,Insecta,Hemiptera,Aphididae,Anuraphis,Eunapius subterraneus,0,0.002941003,0,0,0,0,0,0.010297954,0
Eukaryota,Arthropoda,Insecta,Hemiptera,Aphididae,Corylobium,Globisporangium acrogynum,0.005530362,0,0,0.007604447,0,0,0,0,0
Eukaryota,Arthropoda,Insecta,Hemiptera,Aphididae,Myzus,Brachycaudus lamii,0,0,0,0.01292756,0,0,0,0,0
Eukaryota,Arthropoda,Insecta,Hemiptera,Aphididae,Myzus,Pythium oryzicollum,0.002765181,0,0,0.006083558,0,0,0.003348827,0,0.000546505
Eukaryota,Arthropoda,Insecta,Hemiptera,Aphididae,Myzus,Globisporangium tenuihyphum,0.002765181,0,0,0.006844002,0,0,0.000669765,0,0.001639514
Eukaryota,Arthropoda,Insecta,Hemiptera,Aphididae,Sitobion,Tetraneura ulmi,0,0,0,0,0,0,0.011386013,0,0
Eukaryota,Arthropoda,Insecta,Hymenoptera,Tetracampidae,Eremocampe,Sapromyces elongatus,0,0,0,0.009125336,0.001592534,0,0,0,0.000546505
Eukaryota,Discosea,Flabellinia,Vannellidae,Vannellidae,Ripella,Vannella persistens,0,0,0,0,0,0,0.010716247,0,0.000546505
Eukaryota,Oomycota,Peronosporales,Peronosporales,Peronosporaceae,Phytophthora,Sellaphora marvanii,0,0,0,0,0.011147739,0,0,0,0
Eukaryota,Oomycota,Peronosporales,Peronosporales,Peronosporaceae,Phytophthora,Ferrissia californica,0,0,0,0.010646226,0,0,0,0,0
Eukaryota,Oomycota,Peronosporales,Peronosporales,Peronosporaceae,Phytophthora,Ferrissia nipponica,0,0,0,0.010646226,0,0,0,0,0
Eukaryota,Oomycota,Peronosporales,Peronosporales,Peronosporaceae,Phytophthora,Phytophthora heveae,0,0.002941003,0,0.003041779,0,0,0,0,0.004372039
Eukaryota,Oomycota,Peronosporales,Peronosporales,Peronosporaceae,Phytophthora,Chironomus annularius,0,0,0.009587728,0.000760445,0,0,0,0,0
Eukaryota,Oomycota,Peronosporales,Peronosporales,Peronosporaceae,Phytophthora,Phytophthora mengei,0,0.00882301,0,0.001520889,0,0,0,0,0
Eukaryota,Oomycota,Peronosporales,Peronosporales,Peronosporaceae,Phytophthora,Phytophthora polonica,0,0,0,0,0,0,0,0.010297954,0
Eukaryota,Oomycota,Peronosporales,Peronosporales,Peronosporaceae,Phytophthora,Globisporangium sylvaticum,0,0,0,0.003041779,0.004777603,0,0.001339531,0,0.00109301
Eukaryota,Oomycota,Peronosporales,Peronosporales,Peronosporaceae,Phytophthora,Phytophthora chrysanthemi,0,0,0,0.000760445,0,0,0.002009296,0.003432651,0.003825534
Eukaryota,Oomycota,Peronosporales,Peronosporales,Peronosporaceae,Phytophthora,Myzus persicae,0,0,0,0.009885781,0,0,0,0,0
Eukaryota,Oomycota,Peronosporales,Peronosporales,Peronosporaceae,Phytophthora,Ripella tribonemae,0,0,0,0.000760445,0.004777603,0,0.002679062,0,0.001639514
Eukaryota,Oomycota,Peronosporales,Peronosporales,Peronosporaceae,Phytophthora,Elongisporangium disparispinum,0,0,0,0.002281334,0.006370137,0,0,0,0.00109301
Eukaryota,Oomycota,Peronosporales,Peronosporales,Peronosporaceae,Phytophthora,Ripella platypodia,0,0,0.009587728,0,0,0,0,0,0
Eukaryota,Oomycota,Peronosporales,Peronosporales,Peronosporaceae,Phytophthora,Pythium pyrilobum,0,0.00882301,0,0.000760445,0,0,0,0,0
Eukaryota,Oomycota,Peronosporales,Peronosporales,Peronosporaceae,Phytophthora,Nothophytophthora valdiviana,0,0,0,0,0.001592534,0,0,0.006865303,0.00109301
Eukaryota,Oomycota,Peronosporales,Peronosporales,Peronosporaceae,Phytophthora,Pythium tardicrescens,0,0,0,0.002281334,0,0,0,0,0.007104563
Eukaryota,Oomycota,Peronosporales,Peronosporales,Salisapiliaceae,Salisapilia,Nais pardalis,0,0,0,0.009125336,0,0,0,0,0
Eukaryota,Oomycota,Pythiales,Pythiales,Pythiaceae,Globisporangium,Phytopythium chamaehyphon,0.002765181,0,0,0.006083558,0,0,0,0,0
Eukaryota,Oomycota,Pythiales,Pythiales,Pythiaceae,Globisporangium,Phytophthora pseudosyringae,0,0.00882301,0,0,0,0,0,0,0
Eukaryota,Oomycota,Pythiales,Pythiales,Pythiaceae,Globisporangium,Globisporangium buismaniae,0,0,0,0.005323113,0,0,0,0.003432651,0
Eukaryota,Oomycota,Pythiales,Pythiales,Pythiaceae,Globisporangium,Phytopythium fagopyri,0.008295543,0,0,0,0,0,0,0,0
Eukaryota,Oomycota,Pythiales,Pythiales,Pythiaceae,Phytopythium,Chironomus melanotus,0,0,0,0.000760445,0.001592534,0,0.005358124,0,0
Eukaryota,Oomycota,Pythiales,Pythiales,Pythiaceae,Pythium,Hydra circumcincta,0,0,0,0.007604447,0,0,0,0,0
Eukaryota,Oomycota,Pythiales,Pythiales,Pythiaceae,Pythium,Sellaphora seminulum,0.006912952,0,0,0,0,0,0.000669765,0,0
Eukaryota,Oomycota,Pythiales,Pythiales,Pythiaceae,Pythium,Lasius crypticus,0,0,0,0,0,0,0.00736742,0,0
Eukaryota,Oomycota,Saprolegniales,Saprolegniales,Saprolegniaceae,Achlya,Phytophthora aquimorbida,0,0,0,0.004562668,0,0,0,0,0.002732524
Eukaryota,Oomycota,Saprolegniales,Saprolegniales,Saprolegniaceae,Aphanomyces,Macrosiphum gei,0,0,0,0,0,0,0,0.006865303,0
Eukaryota,Oomycota,Saprolegniales,Saprolegniales,Saprolegniaceae,Saprolegnia,Globisporangium takayamanum,0.00138259,0,0,0.003802224,0.001592534,0,0,0,0
Eukaryota,Oomycota,Saprolegniales,Saprolegniales,Saprolegniaceae,Saprolegnia,Saprolegnia eccentrica,0,0,0,0.004562668,0,0,0.002009296,0,0
Eukaryota,Oomycota,Saprolegniales,Saprolegniales,Saprolegniaceae,Saprolegnia,Pythium sulcatum,0,0,0,0.001520889,0,0,0.001339531,0.003432651,0
Eukaryota,Rotifera,Eurotatoria,Ploima,Brachionidae,Mytilina,Phytopythium helicoides,0.005530362,0,0,0.000760445,0,0,0,0,0
Eukaryota,Arthropoda,Branchiopoda,Diplostraca,Daphniidae,Simocephalus,Brevilegnia macrospora,0.005530362,0,0,0.000760445,0,0,0,0,0
Eukaryota,Arthropoda,Insecta,Diptera,Chironomidae,Endochironomus,Keratella quadrata,0,0,0,0.006083558,0,0,0,0,0
Eukaryota,Rotifera,Eurotatoria,Philodinida,Philodinidae,Rotaria,Phytophthora variabilis,0,0.002941003,0,0.003041779,0,0,0,0,0
Eukaryota,Arthropoda,Branchiopoda,Diplostraca,Daphniidae,Simocephalus,Microstomum artoisi,0,0.005882007,0,0,0,0,0,0,0
Eukaryota,Bacillariophyta,Coscinodiscophyceae,Stephanodiscales,Stephanodiscaceae,Stephanodiscus,Globisporangium minor,0.002765181,0,0,0.001520889,0.001592534,0,0,0,0
Eukaryota,Arthropoda,Insecta,Diptera,Chironomidae,Paratanytarsus,Pythium monospermum,0,0.002941003,0,0.001520889,0,0,0.001339531,0,0
Eukaryota,Synurophyceae,Synurophyceae,Synurales,Mallomonadaceae,Synura,Phytophthora agathidicida,0,0,0,0.003041779,0.001592534,0,0,0,0.00109301
Eukaryota,Arthropoda,Arachnida,Trombidiformes,Eriophyidae,Acalitus,Achlya papillosa,0,0,0,0.003041779,0,0,0.002009296,0,0.000546505
Eukaryota,Arthropoda,Insecta,Hymenoptera,Vespidae,Zethus,Halophytophthora exoprolifera,0,0,0,0.002281334,0.003185068,0,0,0,0
Eukaryota,Bacillariophyta,Coscinodiscophyceae,Stephanodiscales,Stephanodiscaceae,Stephanodiscus,Chironomus nuditarsis,0,0,0,0.005323113,0,0,0,0,0
Eukaryota,Basidiomycota,Malasseziomycetes,Malasseziales,Malasseziaceae,Malassezia,Saprolegnia unispora,0,0,0,0.005323113,0,0,0,0,0
Eukaryota,Bacillariophyta,Bacillariophyceae,Naviculales,Sellaphoraceae,Sellaphora,x stagnum,0,0,0,0.003802224,0,0,0.000669765,0,0.000546505
Eukaryota,Arthropoda,Hexanauplia,Cyclopoida,Cyclopidae,Diacyclops,Aphanomyces mitsuba,0,0,0,0.003802224,0,0,0.000669765,0,0.000546505
Eukaryota,Arthropoda,Arachnida,Trombidiformes,Unionicolidae,Unionicola,Rana parvipalmata,0,0,0,0,0,0,0,0,0.004918543
Eukaryota,Bacillariophyta,Bacillariophyceae,Naviculales,Pinnulariaceae,Pinnularia,Lagenidium giganteum,0.004147771,0,0,0.000760445,0,0,0,0,0
Eukaryota,Bacillariophyta,Coscinodiscophyceae,Stephanodiscales,Stephanodiscaceae,Stephanodiscus,Pythium tracheiphilum,0,0,0,0.002281334,0,0,0.001339531,0,0.00109301
Eukaryota,Bacillariophyta,Coscinodiscophyceae,Stephanodiscales,Stephanodiscaceae,Stephanodiscus,Grevenius granulifer,0,0,0,0,0,0,0.004688358,0,0
Eukaryota,Arthropoda,Insecta,Hymenoptera,Cynipidae,Neuroterus,Neodartus acocephaloides,0,0,0,0.003041779,0,0,0,0,0.001639514
Eukaryota,Arthropoda,Malacostraca,Isopoda,Asellidae,Asellus,Pythium aquatile,0,0,0,0.004562668,0,0,0,0,0
Eukaryota,Haptophyta,Prymnesiales,Prymnesiales,Chrysochromulinaceae,Chrysochromulina,Phytophthora pseudofrigida,0,0.002941003,0,0.001520889,0,0,0,0,0
Eukaryota,Arthropoda,Insecta,Thysanoptera,Thripidae,Thrips,Phytophthora megasperma,0,0,0,0.003802224,0,0,0,0,0.000546505
Eukaryota,Rotifera,Eurotatoria,Ploima,Brachionidae,Keratella,Nothophytophthora intricata,0,0,0,0,0.001592534,0,0,0,0.002732524
Eukaryota,Arthropoda,Diplopoda,Polydesmida,Polydesmidae,Polydesmus,Phytophthora limosa,0,0.002941003,0,0.000760445,0,0,0,0,0.000546505
Eukaryota,Oomycota,Peronosporales,Peronosporales,Peronosporaceae,Nothophytophthora,Saprolegnia salmonis,0,0,0,0,0,0,0.000669765,0.003432651,0
Eukaryota,Oomycota,Peronosporales,Peronosporales,Peronosporaceae,Nothophytophthora,Lasius grandis,0,0,0,0,0,0,0.004018593,0,0
Eukaryota,Bacillariophyta,Bacillariophyceae,Naviculales,Sellaphoraceae,Sellaphora,Pythiogeton zeae,0,0,0,0,0,0,0.004018593,0,0
Eukaryota,Bacillariophyta,Coscinodiscophyceae,Thalassiosirales,Thalassiosiraceae,Stephanocyclus,Globisporangium debaryanum,0,0,0,0.000760445,0.003185068,0,0,0,0
Eukaryota,Tubulinea,Elardia,Euamoebida,Copromyxa,Copromyxa,Tuberculatus annulatus,0,0,0,0,0,0,0,0,0.003825534
Eukaryota,Chordata,Actinopteri,Perciformes,Zoarcidae,Lycodes,Pythium amasculinum,0,0,0,0.003802224,0,0,0,0,0
Eukaryota,Oomycota,Peronosporales,Peronosporales,Peronosporaceae,Nothophytophthora,Achlya caroliniana,0,0,0,0.003802224,0,0,0,0,0
Eukaryota,Oomycota,Saprolegniales,Saprolegniales,Saprolegniaceae,Saprolegnia,Elongisporangium prolatum,0,0,0,0.003041779,0,0,0,0,0.000546505
Eukaryota,Arthropoda,Hexanauplia,Cyclopoida,Cyclopidae,Acanthocyclops,Globisporangium pyrioosporum,0.002765181,0,0,0.000760445,0,0,0,0,0
Eukaryota,Bacillariophyta,Bacillariophyceae,Naviculales,Sellaphoraceae,Sellaphora,Globisporangium rostratifingens,0.00138259,0,0,0.001520889,0,0,0,0,0.000546505
Eukaryota,Bacillariophyta,Coscinodiscophyceae,Stephanodiscales,Stephanodiscaceae,Cyclostephanos,Lagena radicicola,0.002765181,0,0,0,0,0,0.000669765,0,0
Eukaryota,Discosea,Himatismenida,Himatismenida,Cochliopodiidae,Cochliopodium,Chlamydomonas incerta,0,0,0,0,0,0,0,0.003432651,0
Eukaryota,Oomycota,Peronosporales,Peronosporales,Peronosporaceae,Nothophytophthora,Stempellinella edwardsi,0,0,0,0,0,0,0,0.003432651,0
Eukaryota,Oomycota,Peronosporales,Peronosporales,Peronosporaceae,Nothophytophthora,Maiestas rostriformis,0,0,0,0,0,0,0,0.003432651,0
Eukaryota,Oomycota,Peronosporales,Peronosporales,Peronosporaceae,Phytophthora,Lasius platythorax,0,0,0,0,0,0,0,0.003432651,0
Eukaryota,Oomycota,Pythiales,Pythiales,Pythiaceae,Pythium,Phytophthora castaneae,0,0,0,0,0,0,0,0.003432651,0
Eukaryota,Oomycota,Saprolegniales,Saprolegniales,Saprolegniaceae,Pythiopsis,Achlya racemosa,0,0,0,0,0,0,0,0.003432651,0
Eukaryota,Oomycota,Saprolegniales,Saprolegniales,Saprolegniaceae,Saprolegnia,Tanytarsus dispar,0,0,0,0,0,0,0.003348827,0,0
Eukaryota,Bacillariophyta,Bacillariophyceae,Bacillariales,Bacillariaceae,Nitzschia,Lasius alienus,0,0,0,0,0,0,0.003348827,0,0
Eukaryota,Rotifera,Eurotatoria,Ploima,Synchaetidae,Polyarthra,rhizo oryzae,0,0,0,0,0,0,0,0,0.003279029
Eukaryota,Chordata,Amphibia,Anura,Bufonidae,Bufo,Lycodes sagittarius,0,0,0,0,0.003185068,0,0,0,0
Eukaryota,Rotifera,Eurotatoria,Flosculariaceae,Testudinellidae,Pompholyx,Nothophytophthora amphigynosa,0,0,0,0,0.003185068,0,0,0,0
Eukaryota,Bacillariophyta,Bacillariophyceae,Bacillariales,Bacillariaceae,Tryblionella,Saprolegnia litoralis,0,0,0,0,0.003185068,0,0,0,0
Eukaryota,Annelida,Clitellata,Tubificida,Naididae,Chaetogaster,Chironomus thummi,0,0,0,0.001520889,0.001592534,0,0,0,0
Eukaryota,Arthropoda,Insecta,Diptera,Ceratopogonidae,Sphaeromias,Achlya americana,0,0,0,0.001520889,0.001592534,0,0,0,0
Eukaryota,Arthropoda,Insecta,Diptera,Chironomidae,Chironomus,Stylaria lacustris,0,0,0,0.001520889,0.001592534,0,0,0,0
Eukaryota,Arthropoda,Insecta,Diptera,Chironomidae,Procladius,Salisapilia mycoparasitica,0,0,0,0.000760445,0.001592534,0,0,0,0.000546505
Eukaryota,Arthropoda,Insecta,Diptera,Chironomidae,Tanytarsus,Saprolegnia delica,0,0,0,0.000760445,0.001592534,0,0,0,0.000546505
Eukaryota,Arthropoda,Insecta,Lepidoptera,Momphidae,Mompha,Phytopythium mercuriale,0.002765181,0,0,0,0,0,0,0,0
Eukaryota,Bacillariophyta,Bacillariophyceae,Cymbellales,Gomphonemataceae,Gomphonema,Marvania geminata,0,0,0,0,0,0,0,0,0.002732524
Eukaryota,Chlorophyta,Trebouxiophyceae,Choricystis,Choricystis,Choricystis,Pseudochlorella pringsheimii,0,0,0,0,0,0,0.002679062,0,0
Eukaryota,Arthropoda,Ostracoda,Podocopida,Candonidae,Pseudocandona,Tanytarsus medius,0,0,0,0,0,0,0.002679062,0,0
Eukaryota,Annelida,Clitellata,Crassiclitellata,Lumbricidae,Eiseniella,Lasius balearicus,0,0,0,0,0,0,0.002679062,0,0
Eukaryota,Arthropoda,Insecta,Diptera,Limoniidae,Symplecta,Lasius xerophilus,0,0,0,0,0,0,0.002679062,0,0
Eukaryota,Bacillariophyta,Bacillariophyceae,Naviculales,Naviculaceae,Fistulifera,Phytophthora prodigiosa,0,0,0,0.001520889,0,0,0,0,0.00109301
Eukaryota,Tardigrada,Eutardigrada,Parachela,Doryphoribiidae,Grevenius,Saprolegnia bulbosa,0,0,0,0.000760445,0.001592534,0,0,0,0
Eukaryota,Arthropoda,Insecta,Diptera,Chironomidae,Orthocladius,Saprolegnia monilifera,0,0,0,0.000760445,0.001592534,0,0,0,0
Eukaryota,Annelida,Clitellata,Tubificida,Naididae,Vejdovskyella,Pythium arrhenomanes,0,0,0,0,0,0,0.000669765,0,0.001639514
Eukaryota,Bryozoa,Phylactolaemata,Plumatellidae,Plumatellidae,Hyalinella,Megoura crassicauda,0,0,0,0.002281334,0,0,0,0,0
Eukaryota,Arthropoda,Insecta,Diptera,Chironomidae,Procladius,Nearctaphis sensoriata,0,0,0,0.002281334,0,0,0,0,0
Eukaryota,Discosea,Himatismenida,Himatismenida,Cochliopodiidae,Planopodium,Phytophthora plurivora,0,0,0,0.002281334,0,0,0,0,0
Eukaryota,Bacillariophyta,Bacillariophyceae,Naviculales,Sellaphoraceae,Sellaphora,Phytophthora sulawesiensis,0,0,0,0.002281334,0,0,0,0,0
Eukaryota,Tardigrada,Eutardigrada,Parachela,Murrayidae,Dactylobiotus,Habrotrocha antarctica,0,0,0,0.002281334,0,0,0,0,0
Eukaryota,Arthropoda,Insecta,Hemiptera,Aphididae,Periphyllus,Globisporangium urmianum,0,0,0,0.002281334,0,0,0,0,0
Eukaryota,Chlorophyta,Trebouxiophyceae,Chlorellales,Chlorellaceae,Chlorella,Globisporangium wuhanense,0,0,0,0.002281334,0,0,0,0,0
Eukaryota,Annelida,Clitellata,Crassiclitellata,Lumbricidae,Lumbricus,Pythium burgundicum,0,0,0,0.002281334,0,0,0,0,0
Eukaryota,Arthropoda,Insecta,Hemiptera,Aphididae,Tetraneura,Dero digitata,0,0,0,0.002281334,0,0,0,0,0
Eukaryota,Discosea,Flabellinia,Vannellidae,Vannellidae,Vannella,Pythiopsis terrestris,0,0,0,0,0.001592534,0,0.000669765,0,0
Eukaryota,Arthropoda,Insecta,Hymenoptera,Formicidae,Lasius,Cochliopodium megatetrastylus,0,0,0,0,0,0,0,0,0.002186019
Eukaryota,Arthropoda,Insecta,Hymenoptera,Formicidae,Lasius,Phytophthora crassamura,0.00138259,0,0,0.000760445,0,0,0,0,0
Eukaryota,Tardigrada,Eutardigrada,Parachela,Doryphoribiidae,Grevenius,Pythium agreste,0.00138259,0,0,0.000760445,0,0,0,0,0
Eukaryota,Arthropoda,Insecta,Hymenoptera,Formicidae,Lasius,Phytophthora acaciae,0,0,0,0.001520889,0,0,0,0,0.000546505
Eukaryota,Oomycota,Pythiales,Pythiales,Pythiogetonaceae,Pythiogeton,Phytophthora chlamydospora,0,0,0,0.001520889,0,0,0,0,0.000546505
Eukaryota,Arthropoda,Insecta,Hymenoptera,Formicidae,Lasius,Salisapilia epistomia,0,0,0,0.001520889,0,0,0,0,0.000546505
Eukaryota,Arthropoda,Insecta,Diptera,Chironomidae,Tanytarsus,Globisporangium nodosum,0,0,0,0.001520889,0,0,0,0,0.000546505
Eukaryota,Bacillariophyta,Bacillariophyceae,Naviculales,Naviculaceae,Fistulifera,Protoachlya paradoxa,0,0,0,0.001520889,0,0,0,0,0.000546505
Eukaryota,Arthropoda,Insecta,Hymenoptera,Formicidae,Lasius,Vermamoeba vermiformis,0,0,0,0,0,0,0.002009296,0,0
Eukaryota,Arthropoda,Insecta,Hymenoptera,Formicidae,Lasius,Acanthocyclops vernalis,0,0,0,0,0.001592534,0,0,0,0
Eukaryota,Chlorophyta,Trebouxiophyceae,Chlorellales,Chlorellaceae,Pseudochlorella,Sellaphora pupula,0,0,0,0,0.001592534,0,0,0,0
Eukaryota,Arthropoda,Insecta,Diptera,Chironomidae,Tanytarsus,Phytophthora estuarina,0,0,0,0,0.001592534,0,0,0,0
Eukaryota,Tubulinea,Echinamoebida,Vermamoeba,Vermamoeba,Vermamoeba,Pythium aristosporum,0,0,0,0,0.001592534,0,0,0,0
Eukaryota,Chordata,Aves,Passeriformes,Corvidae,Corvus,Saprolegnia torulosa,0,0,0,0,0.001592534,0,0,0,0
Eukaryota,Tardigrada,Eutardigrada,Parachela,Isohypsibiidae,Isohypsibius,Cyclostephanos invisitatus,0,0,0,0,0.001592534,0,0,0,0
Eukaryota,Chlorophyta,Trebouxiophyceae,Chlorellales,Chlorellaceae,Micractinium,Brachycaudus ballotae,0,0,0,0.001520889,0,0,0,0,0
Eukaryota,Rotifera,Eurotatoria,Philodinavida,Philodinavidae,Abrochtha,Brachycaudus rumexicolens,0,0,0,0.001520889,0,0,0,0,0
Eukaryota,Oomycota,Saprolegniales,Saprolegniales,Saprolegniaceae,Achlya,Dysaphis sorbi,0,0,0,0.001520889,0,0,0,0,0
Eukaryota,Oomycota,Saprolegniales,Saprolegniales,Saprolegniaceae,Achlya,Eumyzus impatiensae,0,0,0,0.001520889,0,0,0,0,0
Eukaryota,Oomycota,Pythiales,Pythiales,Pythiaceae,Globisporangium,Wahlgreniella vaccinii,0,0,0,0.001520889,0,0,0,0,0
Eukaryota,Arthropoda,Insecta,Hymenoptera,Formicidae,Lasius,Phytophthora abietivora,0,0,0,0.001520889,0,0,0,0,0
Eukaryota,Arthropoda,Insecta,Hymenoptera,Formicidae,Lasius,Phytophthora europaea,0,0,0,0.001520889,0,0,0,0,0
Eukaryota,Annelida,Clitellata,Crassiclitellata,Lumbricidae,Lumbricus,Globisporangium multisporum,0,0,0,0.001520889,0,0,0,0,0
Eukaryota,Oomycota,Peronosporales,Peronosporales,Peronosporaceae,Nothophytophthora,Phytopythium carbonicum,0,0,0,0.001520889,0,0,0,0,0
Eukaryota,Arthropoda,Insecta,Diptera,Chironomidae,Orthocladius,Phytophthora parvispora,0,0,0,0.000760445,0,0,0.000669765,0,0
Eukaryota,Oomycota,Peronosporales,Peronosporales,Peronosporaceae,Phytophthora,Globisporangium irregulare,0,0,0,0.000760445,0,0,0.000669765,0,0
Eukaryota,Arthropoda,Insecta,Diptera,Chironomidae,Procladius,Sycanus aurantiacus,0.00138259,0,0,0,0,0,0,0,0
Eukaryota,Oomycota,Saprolegniales,Saprolegniales,Saprolegniaceae,Pythiopsis,Globisporangium kandovanense,0.00138259,0,0,0,0,0,0,0,0
Eukaryota,Oomycota,Pythiales,Pythiales,Pythiaceae,Pythium,Micractinium pusillum,0,0,0,0,0,0,0.001339531,0,0
Eukaryota,Discosea,Flabellinia,Vannellidae,Vannellidae,Ripella,Isohypsibius prosostomus,0,0,0,0,0,0,0.001339531,0,0
Eukaryota,Oomycota,Saprolegniales,Saprolegniales,Saprolegniaceae,Saprolegnia,Corvus cornix,0,0,0,0,0,0,0.001339531,0,0
Eukaryota,Oomycota,Saprolegniales,Saprolegniales,Saprolegniaceae,Saprolegnia,Phytophthora obovoidea,0,0,0,0.000760445,0,0,0,0,0.000546505
Eukaryota,Arthropoda,Insecta,Diptera,Chironomidae,Chironomus,Globisporangium lucens,0,0,0,0.000760445,0,0,0,0,0.000546505
Eukaryota,Annelida,Clitellata,Tubificida,Naididae,Nais,Phytopythium megacarpum,0,0,0,0.000760445,0,0,0,0,0.000546505
Eukaryota,Arthropoda,Insecta,Diptera,Chironomidae,Microtendipes,Cricotopus relucens,0,0,0,0,0,0,0,0,0.00109301
Eukaryota,Arthropoda,Ostracoda,Podocopida,Limnocytheridae,Limnocythere,Cricotopus sylvestris,0,0,0,0,0,0,0,0,0.00109301
Eukaryota,Bacillariophyta,Coscinodiscophyceae,Stephanodiscales,Stephanodiscaceae,Stephanodiscus,Phytophthora inclinata,0,0,0,0,0,0,0,0,0.00109301
Eukaryota,Oomycota,Peronosporales,Peronosporales,Peronosporaceae,Phytophthora,Phytophthora oleae,0,0,0,0,0,0,0,0,0.00109301
Eukaryota,Annelida,Clitellata,Tubificida,Naididae,Amphichaeta,Thyreophagus corticalis,0,0,0,0,0,0,0,0,0.00109301
Eukaryota,Arthropoda,Ostracoda,Podocopida,Cyclocyprididae,Physocypria,Palpada vinetorum,0,0,0,0.000760445,0,0,0,0,0
Eukaryota,Arthropoda,Insecta,Trichoptera,Psychomyiidae,Lype,Myzus mumecola,0,0,0,0.000760445,0,0,0,0,0
Eukaryota,Discosea,Flabellinia,Dactylopodida,Paramoebidae,Korotnevella,Myzus polaris,0,0,0,0.000760445,0,0,0,0,0
Eukaryota,Arthropoda,Insecta,Diptera,Chironomidae,Cladotanytarsus,Myzus varians,0,0,0,0.000760445,0,0,0,0,0
Eukaryota,Arthropoda,Insecta,Diptera,Chironomidae,Glyptotendipes,Anuraphis subterranea,0,0,0,0.000760445,0,0,0,0,0
Eukaryota,Arthropoda,Insecta,Diptera,Chironomidae,Harnischia,Corylobium avellanae,0,0,0,0.000760445,0,0,0,0,0
Eukaryota,Arthropoda,Insecta,Hymenoptera,Halictidae,Halictus,Sitobion avenae,0,0,0,0.000760445,0,0,0,0,0
Eukaryota,Bacillariophyta,Coscinodiscophyceae,Stephanodiscales,Stephanodiscaceae,Stephanodiscus,Phytophthora balyanboodja,0,0,0,0.000760445,0,0,0,0,0
Eukaryota,Oomycota,Peronosporales,Peronosporales,Peronosporaceae,Phytophthora,Phytophthora calidophila,0,0,0,0.000760445,0,0,0,0,0
Eukaryota,Arthropoda,Insecta,Diptera,Chironomidae,Chironomus,Phytophthora docyniae,0,0,0,0.000760445,0,0,0,0,0
Eukaryota,Arthropoda,Insecta,Hemiptera,Aphididae,Macrosiphum,Phytophthora japonensis,0,0,0,0.000760445,0,0,0,0,0
Eukaryota,Arthropoda,Insecta,Diptera,Chironomidae,Stempellinella,Phytophthora meadii,0,0,0,0.000760445,0,0,0,0,0
Eukaryota,Arthropoda,Insecta,Hemiptera,Cicadellidae,Maiestas,Phytophthora multivora,0,0,0,0.000760445,0,0,0,0,0
Eukaryota,Arthropoda,Insecta,Hymenoptera,Formicidae,Lasius,Phytophthora occultans,0,0,0,0.000760445,0,0,0,0,0
Eukaryota,Chlorophyta,Chlorophyceae,Chlamydomonadales,Chlamydomonadaceae,Chlamydomonas,Phytophthora ornamentata,0,0,0,0.000760445,0,0,0,0,0
Eukaryota,Oomycota,Peronosporales,Peronosporales,Peronosporaceae,Phytophthora,Phytophthora pini,0,0,0,0.000760445,0,0,0,0,0
Eukaryota,Oomycota,Saprolegniales,Saprolegniales,Saprolegniaceae,Achlya,Phytophthora platani,0,0,0,0.000760445,0,0,0,0,0
Eukaryota,Arthropoda,Insecta,Diptera,Chironomidae,Nanocladius,Phytophthora proliferata,0,0,0,0.000760445,0,0,0,0,0
Eukaryota,Arthropoda,Ostracoda,Podocopida,Candonidae,Candona,Phytophthora rosacearum,0,0,0,0.000760445,0,0,0,0,0
Eukaryota,Oomycota,Pythiales,Pythiales,Pythiaceae,Pythium,Phytophthora thermophila,0,0,0,0.000760445,0,0,0,0,0
Eukaryota,Chordata,Amphibia,Caudata,Salamandridae,Lissotriton,Globisporangium parvum,0,0,0,0.000760445,0,0,0,0,0
Eukaryota,Arthropoda,Insecta,Diptera,Chironomidae,Polypedilum,Pythium apiculatum,0,0,0,0.000760445,0,0,0,0,0
Eukaryota,Annelida,Clitellata,Tubificida,Naididae,Potamothrix,Pythium graminicola,0,0,0,0.000760445,0,0,0,0,0
Eukaryota,Bacillariophyta,Bacillariophyceae,Naviculales,Sellaphoraceae,Sellaphora,Pythium zingiberis,0,0,0,0.000760445,0,0,0,0,0
Eukaryota,Arthropoda,Branchiopoda,Diplostraca,Daphniidae,Daphnia,Aphanomyces cochlioides,0,0,0,0.000760445,0,0,0,0,0
Eukaryota,Bacillariophyta,Bacillariophyceae,Cymbellales,Cymbellaceae,Paraplaconeis,Achlya conspicua,0,0,0,0.000760445,0,0,0,0,0
Eukaryota,Chordata,Amphibia,Anura,Ranidae,Rana,Lumbricus castaneus,0,0,0,0,0,0,0.000669765,0,0
Eukaryota,Rotifera,Eurotatoria,Ploima,Synchaetidae,Synchaeta,Procladius freemani,0,0,0,0,0,0,0.000669765,0,0
Eukaryota,Annelida,Clitellata,Tubificida,Naididae,Chaetogaster,Orthocladius fuscimanus,0,0,0,0,0,0,0.000669765,0,0
Eukaryota,Chordata,Amphibia,Caudata,Salamandridae,Lissotriton,Lasius piliferus,0,0,0,0,0,0,0.000669765,0,0
Eukaryota,Mollusca,Gastropoda,Planorbidae,Planorbidae,Hippeutis,Lasius sitiens,0,0,0,0,0,0,0.000669765,0,0
Eukaryota,Chordata,Amphibia,Anura,Ranidae,Rana,x taiwanensis,0,0,0,0,0,0,0.000669765,0,0
Eukaryota,Arthropoda,Insecta,Hemiptera,Aphididae,Tuberculatus,Nothophytophthora irlandica,0,0,0,0,0,0,0.000669765,0,0
Eukaryota,Oomycota,Pythiales,Pythiales,Pythiaceae,Pythium,Abrochtha sonneborni,0,0,0,0,0,0,0.000669765,0,0
Eukaryota,Chlorophyta,Trebouxiophyceae,Chlorellales,Chlorellaceae,Marvania,Globisporangium izadpanahii,0,0,0,0,0,0,0.000669765,0,0
Eukaryota,Discosea,Himatismenida,Himatismenida,Cochliopodiidae,Cochliopodium,Achlya bisexualis,0,0,0,0,0,0,0.000669765,0,0
Eukaryota,Arthropoda,Arachnida,Sarcoptiformes,Acaridae,Thyreophagus,Achlya dubia,0,0,0,0,0,0,0.000669765,0,0
Eukaryota,Arthropoda,Insecta,Diptera,Chironomidae,Cricotopus,Saprolegnia megasperma,0,0,0,0,0,0,0.000669765,0,0
Eukaryota,Arthropoda,Insecta,Diptera,Chironomidae,Cricotopus,Pythiopsis cymosa,0,0,0,0,0,0,0.000669765,0,0
Eukaryota,Oomycota,Peronosporales,Peronosporales,Peronosporaceae,Phytophthora,Ripella decalvata,0,0,0,0,0,0,0.000669765,0,0
Eukaryota,Oomycota,Peronosporales,Peronosporales,Peronosporaceae,Phytophthora,Cricotopus suspiciosus,0,0,0,0,0,0,0,0,0.000546505
Eukaryota,Arthropoda,Insecta,Diptera,Chironomidae,Cricotopus,Tuberculatus remaudierei,0,0,0,0,0,0,0,0,0.000546505
Eukaryota,Arthropoda,Insecta,Hemiptera,Aphididae,Tuberculatus,Phytophthora capensis,0,0,0,0,0,0,0,0,0.000546505
Eukaryota,Oomycota,Peronosporales,Peronosporales,Peronosporaceae,Phytophthora,Globisporangium ershadii,0,0,0,0,0,0,0,0,0.000546505
Eukaryota,Oomycota,Pythiales,Pythiales,Pythiaceae,Globisporangium,Achlya ambisexualis,0,0,0,0,0,0,0,0,0.000546505
Eukaryota,Oomycota,Saprolegniales,Saprolegniales,Saprolegniaceae,Achlya,Sommerstorffia spinosa,0,0,0,0,0,0,0,0,0.000546505
